"Variable_Name","Value","Value_Label"
"X_STATE","1","Alabama"
"X_STATE","2","Alaska"
"X_STATE","4","Arizona"
"X_STATE","5","Arkansas"
"X_STATE","6","California"
"X_STATE","8","Colorado"
"X_STATE","9","Connecticut"
"X_STATE","10","Delaware"
"X_STATE","11","District of Columbia"
"X_STATE","12","Florida"
"X_STATE","13","Georgia"
"X_STATE","15","Hawaii"
"X_STATE","16","Idaho"
"X_STATE","17","Illinois"
"X_STATE","18","Indiana"
"X_STATE","19","Iowa"
"X_STATE","20","Kansas"
"X_STATE","21","Kentucky"
"X_STATE","22","Louisiana"
"X_STATE","23","Maine"
"X_STATE","24","Maryland"
"X_STATE","25","Massachusetts"
"X_STATE","26","Michigan"
"X_STATE","27","Minnesota"
"X_STATE","28","Mississippi"
"X_STATE","29","Missouri"
"X_STATE","30","Montana"
"X_STATE","31","Nebraska"
"X_STATE","32","Nevada"
"X_STATE","33","New Hampshire"
"X_STATE","34","New Jersey"
"X_STATE","35","New Mexico"
"X_STATE","36","New York"
"X_STATE","37","North Carolina"
"X_STATE","38","North Dakota"
"X_STATE","39","Ohio"
"X_STATE","40","Oklahoma"
"X_STATE","41","Oregon"
"X_STATE","42","Pennsylvania"
"X_STATE","44","Rhode Island"
"X_STATE","45","South Carolina"
"X_STATE","46","South Dakota"
"X_STATE","47","Tennessee"
"X_STATE","48","Texas"
"X_STATE","49","Utah"
"X_STATE","50","Vermont"
"X_STATE","51","Virginia"
"X_STATE","53","Washington"
"X_STATE","54","West Virginia"
"X_STATE","55","Wisconsin"
"X_STATE","56","Wyoming"
"X_STATE","66","Guam"
"X_STATE","72","Puerto Rico"
"X_STATE","78","Virgin Islands"
"FMONTH","1","January"
"FMONTH","2","February"
"FMONTH","3","March"
"FMONTH","4","April"
"FMONTH","5","May"
"FMONTH","6","June"
"FMONTH","7","July"
"FMONTH","8","August"
"FMONTH","9","September"
"FMONTH","10","October"
"FMONTH","11","November"
"FMONTH","12","December"
"IDATE","HIDDEN","Data not displayed"
"IMONTH","1","January"
"IMONTH","2","February"
"IMONTH","3","March"
"IMONTH","4","April"
"IMONTH","5","May"
"IMONTH","6","June"
"IMONTH","7","July"
"IMONTH","8","August"
"IMONTH","9","September"
"IMONTH","10","October"
"IMONTH","11","November"
"IMONTH","12","December"
"IDAY","0","0"
"IDAY","1","Interview Day"
"IDAY","2","2"
"IDAY","3","3"
"IDAY","4","4"
"IDAY","5","5"
"IDAY","6","6"
"IDAY","7","7"
"IDAY","8","8"
"IDAY","9","9"
"IDAY","10","10"
"IDAY","11","11"
"IDAY","12","12"
"IDAY","13","13"
"IDAY","14","14"
"IDAY","15","15"
"IDAY","16","16"
"IDAY","17","17"
"IDAY","18","18"
"IDAY","19","19"
"IDAY","20","20"
"IDAY","21","21"
"IDAY","22","22"
"IDAY","23","23"
"IDAY","24","24"
"IDAY","25","25"
"IDAY","26","26"
"IDAY","27","27"
"IDAY","28","28"
"IDAY","29","29"
"IDAY","30","30"
"IDAY","31","31"
"IYEAR","2022","2022"
"IYEAR","2023","2023"
"DISPCODE","1100","Completed Interview"
"DISPCODE","1200","Partial Complete Interview"
"SEQNO","HIDDEN","Data not displayed"
"X_PSU","HIDDEN","Data not displayed"
"CTELENM1","1","Yes—Go to LL.02 PVTRESD1"
"CTELENM1","2","No—Terminate Phone Call"
"CTELENM1",NA,"Missing"
"PVTRESD1","1","Yes—Go to LL.04 STATERE1"
"PVTRESD1","2","No—Go to LL.03 COLGHOUS"
"PVTRESD1",NA,"Missing"
"COLGHOUS","1","Yes—Go to LL.04 STATERE1"
"COLGHOUS",NA,"Missing"
"STATERE1","1","Yes—Go to LL.05 CELPHON1"
"STATERE1",NA,"Not asked or Missing"
"CELPHON1","1","Yes it is a cell phone—Terminate Phone Call"
"CELPHON1","2","Not a cell phone—Go to LL.06 LADULT1"
"CELPHON1",NA,"Missing of Cell Phone Interveiw"
"LADULT1","1","Yes—If LL.03 COLGHOUS is 1 go to LL.07 COLGSEX1; else go to LL.08 NUMADULT"
"LADULT1","2","No—If LL.03 COLGHOUS is 1 Terminate Phone Call else go to LL.08 NUMADULT"
"LADULT1",NA,"Not asked or Missing"
"COLGSEX1","1","Male—Go to Section 01.01 GENHLTH"
"COLGSEX1","2","Female—Go to Section 01.01 GENHLTH"
"COLGSEX1",NA,"Not asked or Missing"
"NUMADULT","1","1"
"NUMADULT","2","2"
"NUMADULT","3","3"
"NUMADULT","4","4"
"NUMADULT","5","5"
"NUMADULT",NA,"Missing"
"LANDSEX1","0","0"
"LANDSEX1","1","Male—Go to C01.01 GENHLTH"
"LANDSEX1","2","Female—Go to C01.01 GENHLTH"
"LANDSEX1","3","Nonbinary—Insert Sex at Birth module or Terminate Phone Call"
"LANDSEX1","7","Don’t know/Not Sure—Insert Sex at Birth module or Terminate Phone Call"
"LANDSEX1","9","Refused—Insert Sex at Birth module or Terminate Phone Call"
"LANDSEX1",NA,"Not asked or Missing"
"NUMMEN","0","0"
"NUMMEN","1","1"
"NUMMEN","2","2"
"NUMMEN","3","3"
"NUMMEN","4","4"
"NUMMEN","5","5"
"NUMMEN",NA,"Missing"
"NUMWOMEN","0","0"
"NUMWOMEN","1","1"
"NUMWOMEN","2","2"
"NUMWOMEN","3","3"
"NUMWOMEN","4","4"
"NUMWOMEN","5","5"
"NUMWOMEN",NA,"Missing"
"RESPSLCT","1","Male—Go to Section 01.01 GENHLTH"
"RESPSLCT","2","Female—Go to Section 01.01 GENHLTH"
"RESPSLCT","3","-"
"RESPSLCT","7","Don’t know/Not Sure—Terminate Phone Call"
"RESPSLCT",NA,"Not asked or Missing"
"SAFETIME","1","Yes—Go to CP.02 CTELNUM1"
"SAFETIME",NA,"Not asked or Missing"
"CTELNUM1","1","Yes—Go to CP.03 CELLFON5"
"CTELNUM1","2","No—Terminate Phone Call"
"CTELNUM1",NA,"Not asked or Missing"
"CELLFON5","1","Yes—Go to CP.04 CADULT1"
"CELLFON5",NA,"Not asked or Missing"
"CADULT1","1","Yes—Go to CP.05 CELLSEX1"
"CADULT1",NA,"Not asked or Missing"
"CELLSEX1","1","Male—Go to CP.06 PVTRESD3"
"CELLSEX1","2","Female—Go to CP.06 PVTRESD3"
"CELLSEX1","3","Nonbinary—Insert Sex at Birth module or Terminate Phone Call"
"CELLSEX1","7","Don’t know/Not Sure—Insert Sex at Birth module or Terminate Phone Call"
"CELLSEX1","9","Refused—Insert Sex at Birth module or Terminate Phone Call"
"CELLSEX1",NA,"Not asked or Missing"
"PVTRESD3","1","Yes—Go to CP.08 CSTATE1"
"PVTRESD3","2","No—Go to CP.07 CCLGHOUS"
"PVTRESD3",NA,"Not asked or Missing"
"CCLGHOUS","1","Yes—Go to CP.08 CSTATE1"
"CCLGHOUS",NA,"Missing"
"CSTATE1","1","Yes—Go to CP.10 LANDLINE"
"CSTATE1","2","No—Go to CP.09 RSPSTAT1"
"CSTATE1",NA,"Not asked or Missing"
"LANDLINE","1","Yes"
"LANDLINE","2","No"
"LANDLINE","7","Don’t know/Not sure"
"LANDLINE","9","Refused"
"LANDLINE",NA,"Not asked or Missing"
"HHADULT","0","0"
"HHADULT","88","-"
"HHADULT","77","Don’t know/Not sure"
"HHADULT","99","Refused"
NA,NA,"Not asked or Missing"
"SEXVAR","1","Male—Code=1 if LANDSEX1=1 or CELLSEX1=1 or COLGSEX1=1"
"SEXVAR","2","Female—Code=2 if LANDSEX1=2 or CELLSEX1=2 or COLGSEX1=2"
"GENHLTH","1","Excellent"
"GENHLTH","2","Very good"
"GENHLTH","3","Good"
"GENHLTH","4","Fair"
"GENHLTH","5","Poor"
"GENHLTH","7","Don’t know/Not Sure"
"GENHLTH","9","Refused"
"GENHLTH",NA,"Not asked or Missing"
"PHYSHLTH","88","None"
"PHYSHLTH","77","Don’t know/Not sure"
"PHYSHLTH","99","Refused"
"PHYSHLTH",NA,"Not asked or Missing"
"MENTHLTH","88","None"
"MENTHLTH","77","Don’t know/Not sure"
"MENTHLTH","99","Refused"
"MENTHLTH",NA,"Not asked or Missing"
"POORHLTH","88","None"
"POORHLTH","77","Don’t know/Not sure"
"POORHLTH","99","Refused"
"POORHLTH",NA,"Not asked or Missing"
"PRIMINSR","1","A plan purchased through an employer or union (including plans purchased through another person´s employer)"
"PRIMINSR","2","A private nongovernmental plan that you or another family member buys on your own"
"PRIMINSR","3","Medicare"
"PRIMINSR","4","Medigap"
"PRIMINSR","5","Medicaid"
"PRIMINSR","6","Children´s Health Insurance Program (CHIP)"
"PRIMINSR","7","Military related health care: TRICARE (CHAMPUS) / VA health care / CHAMP- VA"
"PRIMINSR","8","Indian Health Service"
"PRIMINSR","9","State sponsored health plan"
"PRIMINSR","10","Other government program"
"PRIMINSR","88","No coverage of any type"
"PRIMINSR","77","Don’t know/Not Sure"
"PRIMINSR","99","Refused"
"PRIMINSR",NA,"Not asked or Missing"
"PERSDOC3","1","Yes only one"
"PERSDOC3","2","More than one"
"PERSDOC3","3","No"
"PERSDOC3","7","Don’t know/Not Sure"
"PERSDOC3","9","Refused"
"PERSDOC3",NA,"Not asked or Missing"
"MEDCOST1","1","Yes"
"MEDCOST1","2","No"
"MEDCOST1","7","Don’t know/Not sure"
"MEDCOST1","9","Refused"
"MEDCOST1",NA,"Not asked or Missing"
"CHECKUP1","1","Within past year (anytime less than 12 months ago)"
"CHECKUP1","2","Within past 2 years (1 year but less than 2 years ago)"
"CHECKUP1","3","Within past 5 years (2 years but less than 5 years ago)"
"CHECKUP1","4","5 or more years ago"
"CHECKUP1","7","Don’t know/Not sure"
"CHECKUP1","8","Never"
"CHECKUP1","9","Refused"
"CHECKUP1",NA,"Not asked or Missing"
"EXERANY2","1","Yes"
"EXERANY2","2","No"
"EXERANY2","7","Don’t know/Not Sure"
"EXERANY2","9","Refused"
"EXERANY2",NA,"Not asked or Missing"
"SLEPTIM1","77","Don’t know/Not Sure"
"SLEPTIM1","99","Refused"
"SLEPTIM1",NA,"Missing"
"LASTDEN4","1","Within the past year (anytime < 12 months ago)"
"LASTDEN4","2","Within the past 2 years (1 year but < 2 years ago)"
"LASTDEN4","3","Within the past 5 years (2 years but < 5 years ago)"
"LASTDEN4","4","5 or more years ago"
"LASTDEN4","5","-"
"LASTDEN4","7","Don’t know/Not sure"
"LASTDEN4","8","Never"
"LASTDEN4","9","Refused"
"LASTDEN4",NA,"Missing"
"RMVTETH4","1","1 to 5"
"RMVTETH4","2","6 or more but not all"
"RMVTETH4","3","All"
"RMVTETH4","7","Don’t know/Not sure"
"RMVTETH4","8","None"
"RMVTETH4","9","Refused"
"RMVTETH4",NA,"Not asked or Missing"
"CVDINFR4","1","Yes"
"CVDINFR4","2","No"
"CVDINFR4","7","Don’t know/Not sure"
"CVDINFR4","9","Refused"
"CVDINFR4",NA,"Not asked or Missing"
"CVDCRHD4","1","Yes"
"CVDCRHD4","2","No"
"CVDCRHD4","7","Don’t know/Not sure"
"CVDCRHD4","9","Refused"
"CVDCRHD4",NA,"Not asked or Missing"
"CVDSTRK3","1","Yes"
"CVDSTRK3","2","No"
"CVDSTRK3","7","Don’t know/Not sure"
"CVDSTRK3","9","Refused"
"CVDSTRK3",NA,"Not asked or Missing"
"ASTHMA3","1","Yes"
"ASTHMA3","2","No—Go to Section 07.06 CHCSCNC1"
"ASTHMA3","7","Don’t know/Not Sure—Go to Section 07.06 CHCSCNC1"
"ASTHMA3","9","Refused—Go to Section 07.06 CHCSCNC1"
"ASTHMA3",NA,"Not asked or Missing"
"ASTHNOW","1","Yes"
"ASTHNOW","2","No"
"ASTHNOW","7","Don’t know/Not Sure"
"ASTHNOW","9","Refused"
"ASTHNOW",NA,"Not asked or Missing"
"CHCSCNC1","1","Yes"
"CHCSCNC1","2","No"
"CHCSCNC1","7","Don’t know / Not sure"
"CHCSCNC1","9","Refused"
"CHCSCNC1",NA,"Not asked or Missing"
"CHCOCNC1","1","Yes"
"CHCOCNC1","2","No"
"CHCOCNC1","7","Don’t know / Not sure"
"CHCOCNC1","9","Refused"
"CHCOCNC1",NA,"Not asked or Missing"
"CHCCOPD3","1","Yes"
"CHCCOPD3","2","No"
"CHCCOPD3","7","Don’t know / Not sure"
"CHCCOPD3","9","Refused"
"CHCCOPD3",NA,"Not asked or Missing"
"ADDEPEV3","1","Yes"
"ADDEPEV3","2","No"
"ADDEPEV3","7","Don’t know/Not sure"
"ADDEPEV3","9","Refused"
"ADDEPEV3",NA,"Not asked or Missing"
"CHCKDNY2","1","Yes"
"CHCKDNY2","2","No"
"CHCKDNY2","7","Don’t know / Not sure"
"CHCKDNY2","9","Refused"
"CHCKDNY2",NA,"Not asked or Missing"
"HAVARTH4","1","Yes"
"HAVARTH4","2","No"
"HAVARTH4","7","Don’t know/Not Sure"
"HAVARTH4","9","Refused"
"HAVARTH4",NA,"Not asked or Missing"
"DIABETE4","1","Yes"
"DIABETE4","2","Yes but female told only during pregnancy—Go to Section 08.01 AGE"
"DIABETE4","3","No—Go to Section 08.01 AGE"
"DIABETE4","4","No pre-diabetes or borderline diabetes—Go to Section 08.01 AGE"
"DIABETE4","7","Don’t know/Not Sure—Go to Section 08.01 AGE"
"DIABETE4","9","Refused—Go to Section 08.01 AGE"
"DIABETE4",NA,"Not asked or Missing"
"MARITAL","1","Married"
"MARITAL","2","Divorced"
"MARITAL","3","Widowed"
"MARITAL","4","Separated"
"MARITAL","5","Never married"
"MARITAL","6","A member of an unmarried couple"
"MARITAL","9","Refused"
"MARITAL",NA,"Not asked or Missing"
"EDUCA","1","Never attended school or only kindergarten"
"EDUCA","2","Grades 1 through 8 (Elementary)"
"EDUCA","3","Grades 9 through 11 (Some high school)"
"EDUCA","4","Grade 12 or GED (High school graduate)"
"EDUCA","5","College 1 year to 3 years (Some college or technical school)"
"EDUCA","6","College 4 years or more (College graduate)"
"EDUCA","9","Refused"
"EDUCA",NA,"Not asked or Missing"
"RENTHOM1","1","Own"
"RENTHOM1","2","Rent"
"RENTHOM1","3","Other arrangement"
"RENTHOM1","7","Don’t know/Not Sure"
"RENTHOM1","9","Refused"
"RENTHOM1",NA,"Not asked or Missing"
"NUMHHOL4","1","Yes"
"NUMHHOL4","2","No—Go to Section 08.12 CPDEMO1C"
"NUMHHOL4","7","Don’t know/Not sure—Go to Section 08.12 CPDEMO1C"
"NUMHHOL4","9","Refused—Go to Section 08.12 CPDEMO1C"
"NUMHHOL4",NA,"Not asked or Missing"
"VETERAN3","1","Yes"
"VETERAN3","2","No"
"VETERAN3","7","Don’t know/Not Sure"
"VETERAN3","9","Refused"
"VETERAN3",NA,"Not asked or Missing"
"EMPLOY1","1","Employed for wages"
"EMPLOY1","2","Self-employed"
"EMPLOY1","3","Out of work for 1 year or more"
"EMPLOY1","4","Out of work for less than 1 year"
"EMPLOY1","5","A homemaker"
"EMPLOY1","6","A student"
"EMPLOY1","7","Retired"
"EMPLOY1","8","Unable to work"
"EMPLOY1","9","Refused"
"EMPLOY1",NA,"Not asked or Missing"
"CHILDREN","0","-"
"CHILDREN","88","None"
"CHILDREN","99","Refused"
"CHILDREN",NA,"Not asked or Missing"
"INCOME3","1","Less than $10000"
"INCOME3","2","Less than $15000 ($10000 to < $15000)"
"INCOME3","3","Less than $20000 ($15000 to < $20000)"
"INCOME3","4","Less than $25000 ($20000 to < $25000)"
"INCOME3","5","Less than $35000 ($25000 to < $35000)"
"INCOME3","6","Less than $50000 ($35000 to < $50000)"
"INCOME3","7","Less than $75000 ($50000 to < $75000)"
"INCOME3","8","Less than $100000? ($75000 to < $100000)"
"INCOME3","9","Less than $150000? ($100000 to < $150000)?"
"INCOME3","10","Less than $200000? ($150000 to < $200000)"
"INCOME3","11","$200000 or more"
"INCOME3","77","Don’t know/Not sure"
"INCOME3","99","Refused"
"INCOME3",NA,"Not asked or Missing"
"PREGNANT","1","Yes"
"PREGNANT","2","No"
"PREGNANT","7","Don’t know/Not Sure"
"PREGNANT","9","Refused"
"PREGNANT",NA,"Not asked or Missing"
"WEIGHT2","7777","Don’t know/Not sure"
"WEIGHT2","9999","Refused"
"WEIGHT2",NA,"Not asked or Missing"
"HEIGHT3","7777","Don’t know/Not sure"
"HEIGHT3","9999","Refused"
"HEIGHT3",NA,"Not asked or Missing"
"DEAF","1","Yes"
"DEAF","2","No"
"DEAF","7","Don’t know/Not Sure"
"DEAF","9","Refused"
"DEAF",NA,"Not asked or Missing"
"BLIND","1","Yes"
"BLIND","2","No"
"BLIND","7","Don’t know/Not Sure"
"BLIND","9","Refused"
"BLIND",NA,"Not asked or Missing"
"DECIDE","1","Yes"
"DECIDE","2","No"
"DECIDE","7","Don’t know/Not Sure"
"DECIDE","9","Refused"
"DECIDE",NA,"Not asked or Missing"
"DIFFWALK","1","Yes"
"DIFFWALK","2","No"
"DIFFWALK","7","Don’t know/Not Sure"
"DIFFWALK","9","Refused"
"DIFFWALK",NA,"Not asked or Missing"
"DIFFDRES","1","Yes"
"DIFFDRES","2","No"
"DIFFDRES","7","Don’t know/Not Sure"
"DIFFDRES","9","Refused"
"DIFFDRES",NA,"Not asked or Missing"
"DIFFALON","1","Yes"
"DIFFALON","2","No"
"DIFFALON","7","Don’t know/Not Sure"
"DIFFALON","9","Refused"
"DIFFALON",NA,"Not asked or Missing"
"HADMAM","1","Yes"
"HADMAM","2","No—Go to Section 10.03 CERVSCRN"
"HADMAM","7","Don’t know/Not sure—Go to Section 10.03 CERVSCRN"
"HADMAM","9","Refused—Go to Section 10.03 CERVSCRN"
"HADMAM",NA,"Not asked or Missing"
"HOWLONG","1","Within the past year (anytime less than 12 months ago)"
"HOWLONG","2","Within the past 2 years (1 year but less than 2 years ago)"
"HOWLONG","3","Within the past 3 years (2 years but less than 3 years ago)"
"HOWLONG","4","Within the past 5 years (3 years but less than 5 years ago)"
"HOWLONG","5","5 or more years ago"
"HOWLONG","7","Don’t know/Not sure"
"HOWLONG","9","Refused"
"HOWLONG",NA,"Not asked or Missing"
"CERVSCRN","1","Yes"
"CERVSCRN","2","No—Go to Section 10.07 HADHYST2"
"CERVSCRN","7","Don’t know/Not Sure—Go to Section 10.07 HADHYST2"
"CERVSCRN","9","Refused—Go to Section 10.07 HADHYST2"
"CERVSCRN",NA,"Not asked or Missing"
"CRVCLCNC","1","Within the past year (anytime less than 12 months ago)"
"CRVCLCNC","2","Within the past 2 years (1 year but less than 2 years ago)"
"CRVCLCNC","3","Within the past 3 years (2 years but less than 3 years ago)"
"CRVCLCNC","4","Within the past 5 years (3 years but less than 5 years ago)"
"CRVCLCNC","5","5 or more years ago"
"CRVCLCNC","7","Don’t know/Not sure"
"CRVCLCNC","9","Refused"
"CRVCLCNC",NA,"Not asked or Missing"
"CRVCLPAP","1","Yes"
"CRVCLPAP","2","No"
"CRVCLPAP","7","Don’t know/Not sure"
"CRVCLPAP","9","Refused"
"CRVCLPAP",NA,"Not asked or Missing"
"CRVCLHPV","1","Yes"
"CRVCLHPV","2","No"
"CRVCLHPV","7","Don’t know/Not sure"
"CRVCLHPV","9","Refused"
"CRVCLHPV",NA,"Not asked or Missing"
"HADHYST2","1","Yes"
"HADHYST2","2","No"
"HADHYST2","7","Don’t know/Not sure"
"HADHYST2","9","Refused"
"HADHYST2",NA,"Not asked or Missing"
"HADSIGM4","1","Yes"
"HADSIGM4","2","No—Go to Section 11.06 COLNCNCR"
"HADSIGM4","7","Don’t know/Not Sure—Go to Section 11.06 COLNCNCR"
"HADSIGM4","9","Refused—Go to Section 11.06 COLNCNCR"
"HADSIGM4",NA,"Not asked or Missing"
"COLNSIGM","1","Colonoscopy"
"COLNSIGM","2","Sigmoidoscopy—Go to Section 11.04 SIGMTES1"
"COLNSIGM","3","Both"
"COLNSIGM","7","Don’t know/Not Sure—Go to Section 11.05 LASTSIG4"
"COLNSIGM","9","Refused—Go to Section 11.06 COLNCNCR"
"COLNSIGM",NA,"Not asked or Missing"
"COLNTES1","1","Within the past year (anytime less than 12 months ago)"
"COLNTES1","2","Within the past 2 years (1 year but less than 2 years ago)"
"COLNTES1","3","Within the past 5 years (2 years but less than 5 years ago)"
"COLNTES1","4","Within the past 10 years (5 years but less than 10 years ago)"
"COLNTES1","5","10 or more years ago"
"COLNTES1","7","Don’t know/Not sure"
"COLNTES1","9","Refused"
"COLNTES1",NA,"Not asked or Missing"
"SIGMTES1","1","Within the past year (anytime less than 12 months ago)—Go to Section 11.06 COLNCNCR"
"SIGMTES1","2","Within the past 2 years (1 year but less than 2 years ago)—Go to Section 11.06 COLNCNCR"
"SIGMTES1","3","Within the past 5 years (2 years but less than 5 years ago)—Go to Section 11.06 COLNCNCR"
"SIGMTES1","4","Within the past 10 years (5 years but less than 10 years ago)—Go to Section 11.06 COLNCNCR"
"SIGMTES1","5","10 or more years ago—Go to Section 11.06 COLNCNCR"
"SIGMTES1","7","Don’t know/Not sure—Go to Section 11.06 COLNCNCR"
"SIGMTES1","9","Refused—Go to Section 11.06 COLNCNCR"
"SIGMTES1",NA,"Not asked or Missing"
"LASTSIG4","1","Within the past year (anytime less than 12 months ago)"
"LASTSIG4","2","Within the past 2 years (1 year but less than 2 years ago)"
"LASTSIG4","3","Within the past 5 years (2 years but less than 5 years ago)"
"LASTSIG4","4","Within the past 10 years (5 years but less than 10 years ago)"
"LASTSIG4","5","10 or more years ago"
"LASTSIG4","7","Don’t know/Not sure"
"LASTSIG4","9","Refused"
"LASTSIG4",NA,"Not asked or Missing"
"COLNCNCR","1","Yes"
"COLNCNCR","2","No—Go to Next Section"
"COLNCNCR","7","Don’t know/Not Sure—Go to Next Section"
"COLNCNCR","9","Refused—Go to Next Section"
"COLNCNCR",NA,"Not asked or Missing"
"VIRCOLO1","1","Yes"
"VIRCOLO1","2","No—Go to Section 11.09 SMALSTOL"
"VIRCOLO1","7","Don’t know/Not Sure—Go to Section 11.09 SMALSTOL"
"VIRCOLO1","9","Refused—Go to Section 11.09 SMALSTOL"
"VIRCOLO1",NA,"Not asked or Missing"
"VCLNTES2","1","Within the past year (anytime less than 12 months ago)"
"VCLNTES2","2","Within the past 2 years (1 year but less than 2 years ago)"
"VCLNTES2","3","Within the past 5 years (2 years but less than 5 years ago)"
"VCLNTES2","4","Within the past 10 years (5 years but less than 10 years ago)"
"VCLNTES2","5","10 or more years ago"
"VCLNTES2","7","Don’t know/Not sure"
"VCLNTES2","9","Refused"
"VCLNTES2",NA,"Not asked or Missing"
"SMALSTOL","1","Yes"
"SMALSTOL","2","No—Go to Section 11.11 STOOLDN1"
"SMALSTOL","7","Don’t know/Not Sure—Go to Section 11.11 STOOLDN1"
"SMALSTOL","9","Refused—Go to Section 11.11 STOOLDN1"
"SMALSTOL",NA,"Not asked or Missing"
"STOLTEST","1","Within the past year (anytime less than 12 months ago)"
"STOLTEST","2","Within the past 2 years (1 year but less than 2 years ago)"
"STOLTEST","3","Within the past 3 years (2 years but less than 3 years ago)"
"STOLTEST","4","Within the past 5 years (3 years but less than 5 years ago)"
"STOLTEST","5","5 or more years ago"
"STOLTEST","7","Don’t know/Not sure"
"STOLTEST","9","Refused"
"STOLTEST",NA,"Not asked or Missing"
"STOOLDN2","1","Yes"
"STOOLDN2","2","No—Go to Next Section"
"STOOLDN2","7","Don’t know/Not Sure—Go to Next Section"
"STOOLDN2","9","Refused—Go to Next Section"
"STOOLDN2",NA,"Not asked or Missing"
"BLDSTFIT","1","Yes"
"BLDSTFIT","2","No"
"BLDSTFIT","7","Don’t know/Not Sure"
"BLDSTFIT","9","Refused"
"BLDSTFIT",NA,"Not asked or Missing"
"SDNATES1","1","Within the past year (anytime less than 12 months ago)"
"SDNATES1","2","Within the past 2 years (1 year but less than 2 years ago)"
"SDNATES1","3","Within the past 3 years (2 years but less than 3 years ago)"
"SDNATES1","4","Within the past 5 years (3 years but less than 5 years ago)"
"SDNATES1","5","5 or more years ago"
"SDNATES1","7","Don’t know/Not sure"
"SDNATES1","9","Refused"
"SDNATES1",NA,"Not asked or Missing"
"SMOKE100","1","Yes"
"SMOKE100","2","No—Go to Section 12.03 USENOW3"
"SMOKE100","7","Don’t know/Not Sure—Go to Section 12.03 USENOW3"
"SMOKE100","9","Refused—Go to Section 12.03 USENOW3"
"SMOKE100",NA,"Not asked or Missing"
"SMOKDAY2","1","Every day"
"SMOKDAY2","2","Some days"
"SMOKDAY2","3","Not at all"
"SMOKDAY2","7","Don´t Know/Not Sure"
"SMOKDAY2","9","Refused"
"SMOKDAY2",NA,"Not asked or Missing"
"USENOW3","1","Every day"
"USENOW3","2","Some days"
"USENOW3","3","Not at all"
"USENOW3","7","Don’t know/Not Sure"
"USENOW3","9","Refused"
"USENOW3",NA,"Not asked or Missing"
"ECIGNOW2","1","Never used e-cigarettes in your entire life"
"ECIGNOW2","2","Use them every day"
"ECIGNOW2","3","Use them some days"
"ECIGNOW2","4","Not at all (right now)"
"ECIGNOW2","7","Don’t know / Not sure"
"ECIGNOW2","9","Refused"
"ECIGNOW2",NA,"Not asked or Missing"
"LCSFIRST","777","Don’t know/Not Sure"
"LCSFIRST","888","Never smoked cigarettes regularly—Go to Section 13.04 LCSCTSC1"
"LCSFIRST","999","Refused"
"LCSFIRST",NA,"Not asked or Missing"
"LCSLAST","777","Don’t know/Not Sure"
"LCSLAST","999","Refused"
"LCSLAST",NA,"Not asked or Missing"
"LCSNUMCG","0","-"
"LCSNUMCG","777","Don’t know/Not Sure"
"LCSNUMCG","999","Refused"
"LCSNUMCG",NA,"Not asked or Missing"
"LCSCTSC1","1","Yes"
"LCSCTSC1","2","No—Go to Section 14.01 ALCDAY4"
"LCSCTSC1","7","Don’t know/Not sure—Go to Section 14.01 ALCDAY4"
"LCSCTSC1","9","Refused—Go to Section 14.01 ALCDAY4"
"LCSCTSC1",NA,"Not asked or Missing"
"LCSSCNCR","1","Yes"
"LCSSCNCR","2","No—Go to Section 14.01 ALCDAY4"
"LCSSCNCR","7","Don’t know/Not sure—Go to Section 14.01 ALCDAY4"
"LCSSCNCR","9","Refused—Go to Section 14.01 ALCDAY4"
"LCSSCNCR",NA,"Not asked or Missing"
"LCSCTWHN","1","Within the past year (anytime less than 12 months ago)"
"LCSCTWHN","2","Within the past 2 years (1 year but less than 2 years)"
"LCSCTWHN","3","Within the past 3 years (2 years but less than 3 years)"
"LCSCTWHN","4","Within the past 5 years (3 years but less than 5 years)"
"LCSCTWHN","5","Within the past 10 years (5 years but less than 10 years ago)"
"LCSCTWHN","6","10 or more years ago"
"LCSCTWHN","7","Don’t know / Not sure"
"LCSCTWHN","9","Refused"
"LCSCTWHN",NA,"Not asked or Missing"
"ALCDAY4","777","Don’t know/Not sure—Go to Section 15.01 FLUSHOT7"
"ALCDAY4","888","No drinks in past 30 days—Go to Section 15.01 FLUSHOT7"
"ALCDAY4","999","Refused—Go to Section 15.01 FLUSHOT7"
"ALCDAY4",NA,"Not asked or Missing"
"AVEDRNK3","88","None"
"AVEDRNK3","77","Don’t know/Not sure"
"AVEDRNK3","99","Refused"
"AVEDRNK3",NA,"Not asked or Missing"
"DRNK3GE5","88","None"
"DRNK3GE5","77","Don’t know/Not Sure"
"DRNK3GE5","99","Refused"
"DRNK3GE5",NA,"Not asked or Missing"
"MAXDRNKS","77","Don’t know/Not sure"
"MAXDRNKS","99","Refused"
"MAXDRNKS",NA,"Not asked or Missing"
"FLUSHOT7","1","Yes"
"FLUSHOT7","2","No—Go to Section 15.03 PNEUVAC4"
"FLUSHOT7","7","Don’t know/Not Sure—Go to Section 15.03 PNEUVAC4"
"FLUSHOT7","9","Refused—Go to Section 15.03 PNEUVAC4"
"FLSHTMY3","777777","Don’t know/Not Sure"
"FLSHTMY3","999999","Refused"
"FLSHTMY3",NA,"Not asked or Missing"
"PNEUVAC4","1","Yes"
"PNEUVAC4","2","No"
"PNEUVAC4","7","Don’t know/Not Sure"
"PNEUVAC4","9","Refused"
"PNEUVAC4",NA,"Not asked or Missing"
"TETANUS1","1","Yes received Tdap"
"TETANUS1","2","Yes received tetanus shot but not Tdap"
"TETANUS1","3","Yes received tetanus shot but not sure what type"
"TETANUS1","4","No did not receive any tetanus shot in the past 10 years"
"TETANUS1","7","Don’t know/Not Sure"
"TETANUS1","9","Refused"
"TETANUS1",NA,"Not asked or Missing"
"HIVTST7","1","Yes"
"HIVTST7","2","No—Go to Section 16.03 HIVRISK5"
"HIVTST7","7","Don’t know/Not Sure—Go to Section 16.03 HIVRISK5"
"HIVTST7","9","Refused—Go to Section 16.03 HIVRISK5"
"HIVTST7",NA,"Not asked or Missing"
"HIVTSTD3","777777","Don’t know/Not sure"
"HIVTSTD3","999999","Refused"
"HIVTSTD3",NA,"Not asked or Missing"
"HIVRISK5","1","Yes"
"HIVRISK5","2","No"
"HIVRISK5","7","Don’t know/Not sure"
"HIVRISK5","9","Refused"
"HIVRISK5",NA,"Not asked or Missing"
"COVIDPOS","1","Yes"
"COVIDPOS","2","No—Go to next section"
"COVIDPOS","3","Tested positive using home test without health professional"
"COVIDPOS","7","Don’t know/Not Sure—Go to next section"
"COVIDPOS","9","Refused—Go to next section"
"COVIDPOS",NA,"Not asked or Missing"
"COVIDSMP","1","Yes"
"COVIDSMP","2","No—Go to next section"
"COVIDSMP","7","Don’t know/Not Sure—Go to next section"
"COVIDSMP","9","Refused—Go to next section"
"COVIDSMP",NA,"Not asked or Missing"
"COVIDPRM","1","Tiredness or fatigue"
"COVIDPRM","2","Difficulty thinking or concentrating or forgetfulness/memory problems (sometimes referred to as ´brain fog´)"
"COVIDPRM","3","Difficulty breathing or shortness of breath"
"COVIDPRM","4","Joint or muscle pain"
"COVIDPRM","5","Fast-beating or pounding heart (also known as heart palpitations) or chest pain"
"COVIDPRM","6","Dizziness on standing"
"COVIDPRM","7","Depression anxiety or mood changes"
"COVIDPRM","8","Symptoms that get worse after physical or mental activities"
"COVIDPRM","9","You did not have any long-term symptoms that limited your activities."
"COVIDPRM","10","Loss of taste or smell"
"COVIDPRM","11","Some other symptom"
"COVIDPRM","77","Don’t know/Not Sure"
"COVIDPRM","99","Refused"
"COVIDPRM",NA,"Not asked or Missing"
"PDIABTS1","1","Within the past year (anytime less than 12 months ago)"
"PDIABTS1","2","Within the past 2 years (1 year but less than 2 years)"
"PDIABTS1","3","Within the past 3 years (2 years but less than 3 years)"
"PDIABTS1","4","Within the past 5 years (3 to 4 years but less than 5 years ago)"
"PDIABTS1","5","Within the past 10 years (5 to 9 years but less than 10 years ago)"
"PDIABTS1","6","10 or more years ago"
"PDIABTS1","7","Don’t know / Not sure"
"PDIABTS1","8","Never"
"PDIABTS1","9","Refused"
"PDIABTS1",NA,"Not asked or Missing"
"PREDIAB2","1","Yes"
"PREDIAB2","2","Yes during pregnancy"
"PREDIAB2","3","No"
"PREDIAB2","7","Don’t know/Not Sure"
"PREDIAB2","9","Refused"
"PREDIAB2",NA,"Not asked or Missing"
"DIABTYPE","1","Type 1"
"DIABTYPE","2","Type 2"
"DIABTYPE","7","Don’t know/Not Sure"
"DIABTYPE","9","Refused"
"DIABTYPE",NA,"Not asked or Missing"
"INSULIN1","1","Yes"
"INSULIN1","2","No"
"INSULIN1","7","Don’t know/Not Sure"
"INSULIN1","9","Refused"
"INSULIN1",NA,"Not asked or Missing"
"CHKHEMO3","88","None"
"CHKHEMO3","98","Never heard of “A one C” test"
"CHKHEMO3","77","Don’t know/Not sure"
"CHKHEMO3","99","Refused"
"CHKHEMO3",NA,"Not asked or Missing"
"EYEEXAM1","1","Within the past month (anytime less than 1 month ago)"
"EYEEXAM1","2","Within the past year (1 month but less than 12 months ago)"
"EYEEXAM1","3","Within the past 2 years (1 year but less than 2 years ago)"
"EYEEXAM1","4","2 or more years ago"
"EYEEXAM1","7","Don’t know/Not sure"
"EYEEXAM1","8","Never"
"EYEEXAM1","9","Refused"
"EYEEXAM1",NA,"Not asked or Missing"
"DIABEYE1","1","Within the past month (anytime less than 1 month ago)"
"DIABEYE1","2","Within the past year (1 month but less than 12 months ago)"
"DIABEYE1","3","Within the past 2 years (1 year but less than 2 years ago)"
"DIABEYE1","4","2 or more years ago"
"DIABEYE1","7","Don’t know/Not sure"
"DIABEYE1","8","Never"
"DIABEYE1","9","Refused"
"DIABEYE1",NA,"Not asked or Missing"
"DIABEDU1","1","Within the past year (anytime less than 12 months ago)"
"DIABEDU1","2","Within the last 2 years (1 year but less than 2 years ago)"
"DIABEDU1","3","Within the last 3 years (2 years but less than 3 years ago)"
"DIABEDU1","4","Within the last 5 years (3 to 4 years but less than 5 years ago)"
"DIABEDU1","5","Within the last 10 years (5 to 9 years but less than 10 years ago)"
"DIABEDU1","6","10 years ago or more"
"DIABEDU1","7","Don’t know/Not sure"
"DIABEDU1","8","Never"
"DIABEDU1","9","Refused"
"DIABEDU1",NA,"Not asked or Missing"
"FEETSORE","1","Yes"
"FEETSORE","2","No"
"FEETSORE","7","Don’t know/Not sure"
"FEETSORE","9","Refused"
"FEETSORE",NA,"Not asked or Missing"
"TOLDCFS",NA,"Not asked or Missing"
"HAVECFS",NA,"Not asked or Missing"
"WORKCFS",NA,"Not asked or Missing"
"IMFVPLA3","1","A doctor´s office or health maintenance organization (HMO)"
"IMFVPLA3","2","A health department"
"IMFVPLA3","3","Another type of clinic or health center (a community health center)"
"IMFVPLA3","4","A senior recreation or community center"
"IMFVPLA3","5","A store (supermarket drug store)"
"IMFVPLA3","6","A hospital (inpatient or outpatient)"
"IMFVPLA3","7","An emergency room"
"IMFVPLA3","8","Workplace"
"IMFVPLA3","9","Some other kind of place"
"IMFVPLA3","10","A school"
"IMFVPLA3","11","A drive though location at some other place than listed above"
"IMFVPLA3","77","Don’t know / Not sure"
"IMFVPLA3","99","Refused"
"IMFVPLA3",NA,"Not asked or Missing"
"HPVADVC4","1","Yes"
"HPVADVC4","2","No—Go to Next Module"
"HPVADVC4","3","Doctor refused when asked—Go to Next Module"
"HPVADVC4","7","Don’t know/Not Sure—Go to Next Module"
"HPVADVC4","9","Refused—Go to Next Module"
"HPVADVC4",NA,"Not asked or Missing"
"HPVADSHT","3","All shots"
"HPVADSHT","77","Don’t know/Not Sure"
"HPVADSHT","99","Refused"
"HPVADSHT",NA,"Not asked or Missing"
"SHINGLE2","1","Yes"
"SHINGLE2","2","No"
"SHINGLE2","7","Don’t know/Not Sure"
"SHINGLE2","9","Refused"
"SHINGLE2",NA,"Not asked or Missing"
"COVIDVA1","1","Yes—Go to Module 07.03 COVIDNU1"
"COVIDVA1","2","No"
"COVIDVA1","7","Don’t know/Not sure—Go to Next Module"
"COVIDVA1","9","Refused—Go to Next Module"
"COVIDVA1",NA,"Not asked or Missing"
"COVIDNU1","1","One"
"COVIDNU1","2","Two—Go to Module 07.05 COVIDFS1"
"COVIDNU1","3","Three—Go to Module 07.05 COVIDFS1"
"COVIDNU1","4","Four or more—Go to Module 07.05 COVIDFS1"
"COVIDNU1","7","Don’t know/Not sure"
"COVIDNU1","9","Refused"
"COVIDNU1",NA,"Not asked or Missing"
"COVIDFS1","12019","12019"
"COVIDFS1","12020","12020"
"COVIDFS1","12021","12021"
"COVIDFS1","12022","12022"
"COVIDFS1","12023","12023"
"COVIDFS1","22019","22019"
"COVIDFS1","22020","22020"
"COVIDFS1","22021","22021"
"COVIDFS1","22022","22022"
"COVIDFS1","32019","32019"
"COVIDFS1","32020","32020"
"COVIDFS1","32021","32021"
"COVIDFS1","32022","32022"
"COVIDFS1","42019","42019"
"COVIDFS1","42020","42020"
"COVIDFS1","42021","42021"
"COVIDFS1","42022","42022"
"COVIDFS1","52019","52019"
"COVIDFS1","52020","52020"
"COVIDFS1","52021","52021"
"COVIDFS1","52022","52022"
"COVIDFS1","62019","62019"
"COVIDFS1","62020","62020"
"COVIDFS1","62021","62021"
"COVIDFS1","62022","62022"
"COVIDFS1","72020","72020"
"COVIDFS1","72021","72021"
"COVIDFS1","72022","72022"
"COVIDFS1","82019","82019"
"COVIDFS1","82020","82020"
"COVIDFS1","82021","82021"
"COVIDFS1","82022","82022"
"COVIDFS1","92019","92019"
"COVIDFS1","92020","92020"
"COVIDFS1","92021","92021"
"COVIDFS1","92022","92022"
"COVIDFS1","102019","102019"
"COVIDFS1","102020","102020"
"COVIDFS1","102021","102021"
"COVIDFS1","102022","102022"
"COVIDFS1","112019","112019"
"COVIDFS1","112020","112020"
"COVIDFS1","112021","112021"
"COVIDFS1","112022","112022"
"COVIDFS1","122019","122019"
"COVIDFS1","122020","122020"
"COVIDFS1","122021","122021"
"COVIDFS1","122022","122022"
"COVIDFS1","772019","772019"
"COVIDFS1","772021","772021"
"COVIDFS1","772022","772022"
"COVIDFS1","777777","Don’t know/Not sure"
"COVIDFS1","992020","992020"
"COVIDFS1","999999","Refused"
"COVIDFS1",NA,"Not asked or Missing"
"COVIDSE1","12020","12020"
"COVIDSE1","12021","12021"
"COVIDSE1","12022","12022"
"COVIDSE1","12023","12023"
"COVIDSE1","22019","22019"
"COVIDSE1","22020","22020"
"COVIDSE1","22021","22021"
"COVIDSE1","22022","22022"
"COVIDSE1","32019","32019"
"COVIDSE1","32020","32020"
"COVIDSE1","32021","32021"
"COVIDSE1","32022","32022"
"COVIDSE1","42019","42019"
"COVIDSE1","42020","42020"
"COVIDSE1","42021","42021"
"COVIDSE1","42022","42022"
"COVIDSE1","52019","52019"
"COVIDSE1","52020","52020"
"COVIDSE1","52021","52021"
"COVIDSE1","52022","52022"
"COVIDSE1","62019","62019"
"COVIDSE1","62020","62020"
"COVIDSE1","62021","62021"
"COVIDSE1","62022","62022"
"COVIDSE1","72020","72020"
"COVIDSE1","72021","72021"
"COVIDSE1","72022","72022"
"COVIDSE1","82019","82019"
"COVIDSE1","82020","82020"
"COVIDSE1","82021","82021"
"COVIDSE1","82022","82022"
"COVIDSE1","92019","92019"
"COVIDSE1","92020","92020"
"COVIDSE1","92021","92021"
"COVIDSE1","92022","92022"
"COVIDSE1","102019","102019"
"COVIDSE1","102020","102020"
"COVIDSE1","102021","102021"
"COVIDSE1","102022","102022"
"COVIDSE1","112019","112019"
"COVIDSE1","112020","112020"
"COVIDSE1","112021","112021"
"COVIDSE1","112022","112022"
"COVIDSE1","122019","122019"
"COVIDSE1","122020","122020"
"COVIDSE1","122021","122021"
"COVIDSE1","122022","122022"
"COVIDSE1","772019","772019"
"COVIDSE1","772021","772021"
"COVIDSE1","772022","772022"
"COVIDSE1","772023","772023"
"COVIDSE1","777777","Don’t know/Not sure"
"COVIDSE1","992020","992020"
"COVIDSE1","999999","Refused"
"COVIDSE1",NA,"Not asked or Missing"
"COPDCOGH","1","Yes"
"COPDCOGH","2","No"
"COPDCOGH","7","Don’t know/Not Sure"
"COPDCOGH","9","Refused"
"COPDCOGH",NA,"Not asked or Missing"
"COPDFLEM","1","Yes"
"COPDFLEM","2","No"
"COPDFLEM","7","Don’t know/Not Sure"
"COPDFLEM","9","Refused"
"COPDFLEM",NA,"Not asked or Missing"
"COPDBRTH","1","Yes"
"COPDBRTH","2","No"
"COPDBRTH","7","Don’t know/Not Sure"
"COPDBRTH","9","Refused"
"COPDBRTH",NA,"Not asked or Missing"
"COPDBTST","1","Yes"
"COPDBTST","2","No"
"COPDBTST","7","Don’t know/Not Sure"
"COPDBTST","9","Refused"
"COPDBTST",NA,"Not asked or Missing"
"COPDSMOK","88","Never smoked or smoked < one year"
"COPDSMOK","77","Don´t know/Not sure"
"COPDSMOK","99","Refused"
"COPDSMOK",NA,"Not asked or Missing"
"CNCRDIFF","1","Only one"
"CNCRDIFF","2","Two"
"CNCRDIFF","3","Three or more"
"CNCRDIFF","7","Don’t know/Not Sure—Go to next module"
"CNCRDIFF","9","Refused—Go to next module"
"CNCRDIFF",NA,"Not asked or Missing"
"CNCRAGE","98","Don’t know/Not Sure"
"CNCRAGE","99","Refused"
"CNCRAGE",NA,"Missing"
"CNCRTYP2","1","Bladder"
"CNCRTYP2","2","Blood"
"CNCRTYP2","3","Bone"
"CNCRTYP2","4","Brain"
"CNCRTYP2","5","Breast"
"CNCRTYP2","6","Cervix/Cervical"
"CNCRTYP2","7","Colon"
"CNCRTYP2","8","Esophagus/Esophageal"
"CNCRTYP2","9","Gallbladder"
"CNCRTYP2","10","Kidney"
"CNCRTYP2","11","Larynx-trachea"
"CNCRTYP2","12","Leukemia"
"CNCRTYP2","13","Liver"
"CNCRTYP2","14","Lung"
"CNCRTYP2","15","Lymphoma"
"CNCRTYP2","16","Melanoma"
"CNCRTYP2","17","Mouth/tongue/lip"
"CNCRTYP2","18","Ovary/Ovarian"
"CNCRTYP2","19","Pancreas/Pancreatic"
"CNCRTYP2","20","Prostate"
"CNCRTYP2","21","Rectum/Rectal"
"CNCRTYP2","22","Skin (non-melanoma)"
"CNCRTYP2","23","Skin (don´t know what kind)"
"CNCRTYP2","24","Soft tissue (muscle or fat)"
"CNCRTYP2","25","Stomach"
"CNCRTYP2","26","Testis/Testicular"
"CNCRTYP2","27","Throat - pharynx"
"CNCRTYP2","28","Thyroid"
"CNCRTYP2","29","Uterus/Uterine"
"CNCRTYP2","30","Other"
"CNCRTYP2","77","Don’t know/Not sure"
"CNCRTYP2","99","Refused"
"CNCRTYP2",NA,"Not asked or Missing"
"CSRVTRT3","1","Yes—Go to next module"
"CSRVTRT3","2","No I’ve completed treatment"
"CSRVTRT3","3","No I’ve refused treatment—Go to next module"
"CSRVTRT3","4","No I haven’t started treatment—Go to next module"
"CSRVTRT3","5","Treatment was not necessary—Go to next module"
"CSRVTRT3","7","Don’t know/Not Sure—Go to next module"
"CSRVTRT3","9","Refused—Go to next module"
"CSRVTRT3",NA,"Not asked or Missing"
"CSRVDOC1","1","Cancer Surgeon"
"CSRVDOC1","2","Family Practitioner"
"CSRVDOC1","3","General Surgeon"
"CSRVDOC1","4","Gynecologic Oncologist—Should not be answered if male respondent"
"CSRVDOC1","5","General Practitioner Internist"
"CSRVDOC1","6","Plastic Surgeon Reconstructive Surgeon"
"CSRVDOC1","7","Medical Oncologist"
"CSRVDOC1","8","Radiation Oncologist"
"CSRVDOC1","9","Urologist"
"CSRVDOC1","10","Other"
"CSRVDOC1","77","Don’t know/Not Sure"
"CSRVDOC1","99","Refused"
"CSRVDOC1",NA,"Not asked or Missing"
"CSRVSUM","1","Yes"
"CSRVSUM","2","No"
"CSRVSUM","7","Don’t know/Not Sure"
"CSRVSUM","9","Refused"
"CSRVSUM",NA,"Not asked or Missing"
"CSRVRTRN","1","Yes"
"CSRVRTRN","2","No—Go to Module 10.06 CSRVINSR"
"CSRVRTRN","7","Don’t know/Not Sure—Go to Module 10.06 CSRVINSR"
"CSRVRTRN","9","Refused—Go to Module 10.06 CSRVINSR"
"CSRVRTRN",NA,"Not asked or Missing"
"CSRVINST","1","Yes"
"CSRVINST","2","No"
"CSRVINST","7","Don’t know/Not Sure"
"CSRVINST","9","Refused"
"CSRVINST",NA,"Not asked or Missing"
"CSRVINSR","1","Yes"
"CSRVINSR","2","No"
"CSRVINSR","7","Don’t know/Not Sure"
"CSRVINSR","9","Refused"
"CSRVINSR",NA,"Not asked or Missing"
"CSRVDEIN","1","Yes"
"CSRVDEIN","2","No"
"CSRVDEIN","7","Don’t know/Not Sure"
"CSRVDEIN","9","Refused"
"CSRVDEIN",NA,"Not asked or Missing"
"CSRVCLIN","1","Yes"
"CSRVCLIN","2","No"
"CSRVCLIN","7","Don’t know/Not Sure"
"CSRVCLIN","9","Refused"
"CSRVCLIN",NA,"Not asked or Missing"
"CSRVPAIN","1","Yes"
"CSRVPAIN","2","No—Go to next module"
"CSRVPAIN","7","Don’t know/Not Sure—Go to next module"
"CSRVPAIN","9","Refused—Go to next module"
"CSRVPAIN",NA,"Not asked or Missing"
"CSRVCTL2","1","With medication (or treatment)"
"CSRVCTL2","2","Without medication (or treatment)"
"CSRVCTL2","3","Not under control with medication (or treatment)"
"CSRVCTL2","4","Not under control without medication (or treatment)"
"CSRVCTL2","7","Don’t know/Not Sure"
"CSRVCTL2","9","Refused"
"CSRVCTL2",NA,"Not asked or Missing"
"PSATEST1","1","Yes"
"PSATEST1","2","No—Go to Module 12.04 PSASUGST"
"PSATEST1","7","Don’t know/Not Sure—Go to Module 12.04 PSASUGST"
"PSATEST1","9","Refused—Go to Module 12.04 PSASUGST"
"PSATEST1",NA,"Not asked or Missing"
"PSATIME1","1","Within the past year (anytime less than 12 months ago)"
"PSATIME1","2","Within the past 2 years (1 year but less than 2 years ago)"
"PSATIME1","3","Within the past 3 years (2 years but less than 3 years ago)"
"PSATIME1","4","Within the past 5 years (3 years but less than 5 years ago)"
"PSATIME1","5","5 or more years ago"
"PSATIME1","7","Don’t know/Not Sure"
"PSATIME1","9","Refused"
"PSATIME1",NA,"Not asked or Missing"
"PCPSARS2","1","Part of a routine exam"
"PCPSARS2","2","Because of a problem"
"PCPSARS2","3","Other reason"
"PCPSARS2","7","Don’t know/Not Sure"
"PCPSARS2","9","Refused"
"PCPSARS2",NA,"Not asked or Missing"
"PSASUGST","1","Self"
"PSASUGST","2","Doctor nurse health care professional"
"PSASUGST","3","Someone else"
"PSASUGST","7","Don’t know/Not sure"
"PSASUGST","9","Refused"
"PSASUGST",NA,"Not asked or Missing"
"PCSTALK1","1","Advantages"
"PCSTALK1","2","Disadvantages"
"PCSTALK1","3","Both Advantages and Disadvantages"
"PCSTALK1","4","Neither"
"PCSTALK1","7","Don’t know/Not Sure"
"PCSTALK1","9","Refused"
"PCSTALK1",NA,"Not asked or Missing"
"CIMEMLOS","1","Yes"
"CIMEMLOS","2","No—Go to next module"
"CIMEMLOS","7","Don’t know/Not sure"
"CIMEMLOS","9","Refused—Go to next module"
"CIMEMLOS",NA,"Not asked or Missing"
"CDHOUSE","1","Always"
"CDHOUSE","2","Usually"
"CDHOUSE","3","Sometimes"
"CDHOUSE","4","Rarely"
"CDHOUSE","5","Never"
"CDHOUSE","7","Don’t know/Not sure"
"CDHOUSE","9","Refused"
"CDHOUSE",NA,"Not asked or Missing"
"CDASSIST","1","Always"
"CDASSIST","2","Usually"
"CDASSIST","3","Sometimes"
"CDASSIST","4","Rarely—Go to Module 13.05 CDSOCIAL"
"CDASSIST","5","Never—Go to Module 13.05 CDSOCIAL"
"CDASSIST","7","Don’t know/Not sure—Go to Module 13.05 CDSOCIAL"
"CDASSIST","9","Refused—Go to Module 13.05 CDSOCIAL"
"CDASSIST",NA,"Not asked or Missing"
"CDHELP","1","Always"
"CDHELP","2","Usually"
"CDHELP","3","Sometimes"
"CDHELP","4","Rarely"
"CDHELP","5","Never"
"CDHELP","7","Don’t know/Not sure"
"CDHELP","9","Refused"
"CDHELP",NA,"Not asked or Missing"
"CDSOCIAL","1","Always"
"CDSOCIAL","2","Usually"
"CDSOCIAL","3","Sometimes"
"CDSOCIAL","4","Rarely"
"CDSOCIAL","5","Never"
"CDSOCIAL","7","Don’t know/Not sure"
"CDSOCIAL","9","Refused"
"CDSOCIAL",NA,"Not asked or Missing"
"CDDISCUS","1","Yes"
"CDDISCUS","2","No"
"CDDISCUS","7","Don’t know/Not Sure"
"CDDISCUS","9","Refused"
"CDDISCUS",NA,"Not asked or Missing"
"CAREGIV1","1","Yes"
"CAREGIV1","2","No—Go to Module 14.09 CRGVEXPT"
"CAREGIV1","7","Don’t know/Not Sure—Go to Module 14.09 CRGVEXPT"
"CAREGIV1","8","Caregiving recipient died in past 30 days—Go to next module"
"CAREGIV1","9","Refused—Go to Module 14.09 CRGVEXPT"
"CAREGIV1",NA,"Not asked or Missing"
"CRGVREL4","1","Mother"
"CRGVREL4","2","Father"
"CRGVREL4","3","Mother-in-law"
"CRGVREL4","4","Father-in-law"
"CRGVREL4","5","Child"
"CRGVREL4","6","Husband"
"CRGVREL4","7","Wife"
"CRGVREL4","8","Live-in partner"
"CRGVREL4","9","Brother or brother-in-law"
"CRGVREL4","10","Sister or sister-in-law"
"CRGVREL4","11","Grandmother"
"CRGVREL4","12","Grandfather"
"CRGVREL4","13","Grandchild"
"CRGVREL4","14","Other relative"
"CRGVREL4","15","Non-relative/Family friend"
"CRGVREL4","77","Don’t know/Not Sure"
"CRGVREL4","99","Refused"
"CRGVREL4",NA,"Not asked or Missing"
"CRGVLNG1","1","Less than 30 days"
"CRGVLNG1","2","1 month to less than 6 months"
"CRGVLNG1","3","6 months to less than 2 years"
"CRGVLNG1","4","2 years to less than 5 years"
"CRGVLNG1","5","5 or more years"
"CRGVLNG1","7","Don’t know/Not sure"
"CRGVLNG1","9","Refused"
"CRGVLNG1",NA,"Not asked or Missing"
"CRGVHRS1","1","Up to 8 hours per week"
"CRGVHRS1","2","9 to 19 hours per week"
"CRGVHRS1","3","20 to 39 hours per week"
"CRGVHRS1","4","40 hours or more"
"CRGVHRS1","7","Don’t know/Not sure"
"CRGVHRS1","9","Refused"
"CRGVHRS1",NA,"Not asked or Missing"
"CRGVPRB3","1","Arthritis/ rheumatism"
"CRGVPRB3","2","Asthma"
"CRGVPRB3","3","Cancer"
"CRGVPRB3","4","Chronic respiratory conditions such as emphysema or COPD"
"CRGVPRB3","5","Alzheimer´s disease dementia or other cognitive impairment disorder—Go to Module 14.07 CRGVPER1"
"CRGVPRB3","6","Developmental disabilities such as autism Down´s Syndrome and spina bifida"
"CRGVPRB3","7","Diabetes"
"CRGVPRB3","8","Heart disease hypertension stroke"
"CRGVPRB3","9","Human Immunodeficiency Virus Infection (H.I.V.)"
"CRGVPRB3","10","Mental illnesses such as anxiety depression or schizophrenia"
"CRGVPRB3","11","Other organ failure or diseases such as kidney or liver problems"
"CRGVPRB3","12","Substance abuse or addiction disorders"
"CRGVPRB3","13","Injuries including broken bones"
"CRGVPRB3","14","Old age/ infirmity/frailty"
"CRGVPRB3","15","Other"
"CRGVPRB3","77","Don’t know/Not Sure"
"CRGVPRB3","99","Refused"
"CRGVPRB3",NA,"Not asked or Missing"
"CRGVALZD","1","Yes"
"CRGVALZD","2","No"
"CRGVALZD","7","Don’t know/Not Sure"
"CRGVALZD","9","Refused"
"CRGVALZD",NA,"Not asked or Missing"
"CRGVPER1","1","Yes"
"CRGVPER1","2","No"
"CRGVPER1","7","Don’t know/Not Sure"
"CRGVPER1","9","Refused"
"CRGVPER1",NA,"Not asked or Missing"
"CRGVHOU1","1","Yes"
"CRGVHOU1","2","No"
"CRGVHOU1","7","Don’t know/Not Sure"
"CRGVHOU1","9","Refused"
"CRGVHOU1",NA,"Not asked or Missing"
"CRGVEXPT","1","Yes"
"CRGVEXPT","2","No"
"CRGVEXPT","7","Don’t know/Not Sure"
"CRGVEXPT","9","Refused"
"CRGVEXPT",NA,"Not asked or Missing"
"ACEDEPRS","1","Yes"
"ACEDEPRS","2","No"
"ACEDEPRS","7","Don’t know/Not Sure"
"ACEDEPRS","9","Refused"
"ACEDEPRS",NA,"Not asked or Missing"
"ACEDRINK","1","Yes"
"ACEDRINK","2","No"
"ACEDRINK","7","Don’t know/Not Sure"
"ACEDRINK","9","Refused"
"ACEDRINK",NA,"Not asked or Missing"
"ACEDRUGS","1","Yes"
"ACEDRUGS","2","No"
"ACEDRUGS","7","Don’t know/Not Sure"
"ACEDRUGS","9","Refused"
"ACEDRUGS",NA,"Not asked or Missing"
"ACEPRISN","1","Yes"
"ACEPRISN","2","No"
"ACEPRISN","7","Don’t know/Not Sure"
"ACEPRISN","9","Refused"
"ACEPRISN",NA,"Not asked or Missing"
"ACEDIVRC","1","Yes"
"ACEDIVRC","2","No"
"ACEDIVRC","7","Don’t know/Not Sure"
"ACEDIVRC","8","Parents not married"
"ACEDIVRC","9","Refused"
"ACEDIVRC",NA,"Not asked or Missing"
"ACEPUNCH","1","Never"
"ACEPUNCH","2","Once"
"ACEPUNCH","3","More than once"
"ACEPUNCH","7","Don’t know/Not Sure"
"ACEPUNCH","9","Refused"
"ACEPUNCH",NA,"Not asked or Missing"
"ACEHURT1","1","Never"
"ACEHURT1","2","Once"
"ACEHURT1","3","More than once"
"ACEHURT1","7","Don’t know/Not Sure"
"ACEHURT1","9","Refused"
"ACEHURT1",NA,"Not asked or Missing"
"ACESWEAR","1","Never"
"ACESWEAR","2","Once"
"ACESWEAR","3","More than once"
"ACESWEAR","7","Don’t know/Not Sure"
"ACESWEAR","9","Refused"
"ACESWEAR",NA,"Not asked or Missing"
"ACETOUCH","1","Never"
"ACETOUCH","2","Once"
"ACETOUCH","3","More than once"
"ACETOUCH","7","Don’t know/Not Sure"
"ACETOUCH","9","Refused"
"ACETOUCH",NA,"Not asked or Missing"
"ACETTHEM","1","Never"
"ACETTHEM","2","Once"
"ACETTHEM","3","More than once"
"ACETTHEM","7","Don’t know/Not Sure"
"ACETTHEM","9","Refused"
"ACETTHEM",NA,"Not asked or Missing"
"ACEHVSEX","1","Never"
"ACEHVSEX","2","Once"
"ACEHVSEX","3","More than once"
"ACEHVSEX","7","Don’t know/Not Sure"
"ACEHVSEX","9","Refused"
"ACEHVSEX",NA,"Not asked or Missing"
"ACEADSAF","1","Never"
"ACEADSAF","2","A little of the time"
"ACEADSAF","3","Some of the time"
"ACEADSAF","4","Most of the time"
"ACEADSAF","5","All of the time"
"ACEADSAF","7","Don’t know/Not sure"
"ACEADSAF","9","Refused"
"ACEADSAF",NA,"Not asked or Missing"
"ACEADNED","1","Never"
"ACEADNED","2","A little of the time"
"ACEADNED","3","Some of the time"
"ACEADNED","4","Most of the time"
"ACEADNED","5","All of the time"
"ACEADNED","7","Don’t know/Not sure"
"ACEADNED","9","Refused"
"ACEADNED",NA,"Not asked or Missing"
"LSATISFY","1","Very satisfied"
"LSATISFY","2","Satisfied"
"LSATISFY","3","Dissatisfied"
"LSATISFY","4","Very dissatisfied"
"LSATISFY","7","Don’t know/Not sure"
"LSATISFY","9","Refused"
"LSATISFY",NA,"Not asked or Missing"
"EMTSUPRT","1","Always"
"EMTSUPRT","2","Usually"
"EMTSUPRT","3","Sometimes"
"EMTSUPRT","4","Rarely"
"EMTSUPRT","5","Never"
"EMTSUPRT","7","Don’t know/Not sure"
"EMTSUPRT","9","Refused"
"EMTSUPRT",NA,"Not asked or Missing"
"SDHISOLT","1","Always"
"SDHISOLT","2","Usually"
"SDHISOLT","3","Sometimes"
"SDHISOLT","4","Rarely"
"SDHISOLT","5","Never"
"SDHISOLT","7","Don’t know/Not Sure"
"SDHISOLT","9","Refused"
"SDHISOLT",NA,"Not asked or Missing"
"SDHEMPLY","1","Yes"
"SDHEMPLY","2","No"
"SDHEMPLY","7","Don’t know/Not Sure"
"SDHEMPLY","9","Refused"
"SDHEMPLY",NA,"Not asked or Missing"
"FOODSTMP","1","Yes"
"FOODSTMP","2","No"
"FOODSTMP","7","Don’t know/Not Sure"
"FOODSTMP","9","Refused"
"FOODSTMP",NA,"Not asked or Missing"
"SDHFOOD1","1","Always"
"SDHFOOD1","2","Usually"
"SDHFOOD1","3","Sometimes"
"SDHFOOD1","4","Rarely"
"SDHFOOD1","5","Never"
"SDHFOOD1","7","Don’t know/Not Sure"
"SDHFOOD1","9","Refused"
"SDHFOOD1",NA,"Not asked or Missing"
"SDHBILLS","1","Yes"
"SDHBILLS","2","No"
"SDHBILLS","7","Don’t know/Not Sure"
"SDHBILLS","9","Refused"
"SDHBILLS",NA,"Not asked or Missing"
"SDHUTILS","1","Yes"
"SDHUTILS","2","No"
"SDHUTILS","7","Don’t know/Not Sure"
"SDHUTILS","9","Refused"
"SDHUTILS",NA,"Not asked or Missing"
"SDHTRNSP","1","Yes"
"SDHTRNSP","2","No"
"SDHTRNSP","7","Don’t know/Not Sure"
"SDHTRNSP","9","Refused"
"SDHTRNSP",NA,"Not asked or Missing"
"SDHSTRE1","1","Always"
"SDHSTRE1","2","Usually"
"SDHSTRE1","3","Sometimes"
"SDHSTRE1","4","Rarely"
"SDHSTRE1","5","Never"
"SDHSTRE1","7","Don’t know/Not Sure"
"SDHSTRE1","9","Refused"
"SDHSTRE1",NA,"Not asked or Missing"
"MARIJAN1","88","None—Go to next module"
"MARIJAN1","77","Don’t know/Not Sure—Go to next module"
"MARIJAN1","99","Refused—Go to next module"
"MARIJAN1",NA,"Not asked or Missing"
"MARJSMOK","1","Yes"
"MARJSMOK","2","No"
"MARJSMOK","7","Don’t know/Not sure"
"MARJSMOK","9","Refused"
"MARJSMOK",NA,"Not asked or Missing"
"MARJEAT","1","Yes"
"MARJEAT","2","No"
"MARJEAT","7","Don’t know/Not sure"
"MARJEAT","9","Refused"
"MARJEAT",NA,"Not asked or Missing"
"MARJVAPE","1","Yes"
"MARJVAPE","2","No"
"MARJVAPE","7","Don’t know/Not sure"
"MARJVAPE","9","Refused"
"MARJVAPE",NA,"Not asked or Missing"
"MARJDAB","1","Yes"
"MARJDAB","2","No"
"MARJDAB","7","Don’t know/Not sure"
"MARJDAB","9","Refused"
"MARJDAB",NA,"Not asked or Missing"
"MARJOTHR","1","Yes"
"MARJOTHR","2","No"
"MARJOTHR","7","Don’t know/Not sure"
"MARJOTHR","9","Refused"
"MARJOTHR",NA,"Not asked or Missing"
"LASTSMK2","1","Within the past month (less than 1 month ago)—Go to next module"
"LASTSMK2","2","Within the past 3 months (1 month but less than 3 months ago)—Go to next module"
"LASTSMK2","3","Within the past 6 months (3 months but less than 6 months ago)—Go to next module"
"LASTSMK2","4","Within the past year (6 months but less than 1 year ago)—Go to next module"
"LASTSMK2","5","Within the past 5 years (1 year but less than 5 years ago)—Go to next module"
"LASTSMK2","6","Within the past 10 years (5 years but less than 10 years ago)—Go to next module"
"LASTSMK2","7","10 years or more—Go to next module"
"LASTSMK2","8","Never smoked regularly—Go to next module"
"LASTSMK2","77","Don’t know/Not sure—Go to next module"
"LASTSMK2","99","Refused—Go to next module"
"LASTSMK2",NA,"Not asked or Missing"
"STOPSMK2","1","Yes"
"STOPSMK2","2","No"
"STOPSMK2","7","Don’t know/Not Sure"
"STOPSMK2","9","Refused"
"STOPSMK2",NA,"Not asked or Missing"
"MENTCIGS","1","Yes"
"MENTCIGS","2","No"
"MENTCIGS","7","Don’t know/Not Sure"
"MENTCIGS","9","Refused"
"MENTCIGS",NA,"Not asked or Missing"
"MENTECIG","1","Yes"
"MENTECIG","2","No"
"MENTECIG","7","Don’t know/Not Sure"
"MENTECIG","9","Refused"
"MENTECIG",NA,"Not asked or Missing"
"HEATTBCO","1","Yes"
"HEATTBCO","2","No"
"HEATTBCO","7","Don’t know/Not Sure"
"HEATTBCO","9","Refused"
"HEATTBCO",NA,"Not asked or Missing"
"ASBIALCH","1","Yes"
"ASBIALCH","2","No"
"ASBIALCH","7","Don’t know/Not Sure"
"ASBIALCH","9","Refused"
"ASBIALCH",NA,"Not asked or Missing"
"ASBIDRNK","1","Yes"
"ASBIDRNK","2","No"
"ASBIDRNK","7","Don’t know/Not Sure"
"ASBIDRNK","9","Refused"
"ASBIDRNK",NA,"Not asked or Missing"
"ASBIBING","1","Yes"
"ASBIBING","2","No"
"ASBIBING","7","Don’t know/Not Sure"
"ASBIBING","9","Refused"
"ASBIBING",NA,"Not asked or Missing"
"ASBIADVC","1","Yes"
"ASBIADVC","2","No"
"ASBIADVC","7","Don’t know/Not Sure"
"ASBIADVC","9","Refused"
"ASBIADVC",NA,"Not asked or Missing"
"ASBIRDUC","1","Yes"
"ASBIRDUC","2","No"
"ASBIRDUC","7","Don’t know/Not Sure"
"ASBIRDUC","9","Refused"
"ASBIRDUC",NA,"Not asked or Missing"
"FIREARM5","1","Yes"
"FIREARM5","2","No—Go to Next Module"
"FIREARM5","7","Don’t know/Not Sure—Go to Next Module"
"FIREARM5","9","Refused—Go to Next Module"
"FIREARM5",NA,"Missing"
"GUNLOAD","1","Yes"
"GUNLOAD","2","No—Go to Next Module"
"GUNLOAD","7","Don’t know/Not sure—Go to Next Module"
"GUNLOAD","9","Refused—Go to Next Module"
"GUNLOAD",NA,"Not asked or Missing"
"LOADULK2","1","Yes"
"LOADULK2","2","No"
"LOADULK2","7","Don’t know/Not sure"
"LOADULK2","9","Refused"
"LOADULK2",NA,"Not asked or Missing"
"RCSGEND1","1","Boy—Go to Module 23.04 RCHISLA1"
"RCSGEND1","2","Girl—Go to Module 23.04 RCHISLA1"
"RCSGEND1","3","Nonbinary/other"
"RCSGEND1","9","Refused"
"RCSGEND1",NA,"Not asked or Missing"
"RCSXBRTH","1","Boy"
"RCSXBRTH","2","Girl"
"RCSXBRTH","7","-"
"RCSXBRTH","9","Refused"
"RCSXBRTH",NA,"Not asked or Missing"
"RCSRLTN2","1","Parent (include biologic step or adoptive parent)"
"RCSRLTN2","2","Grandparent"
"RCSRLTN2","3","Foster parent or guardian"
"RCSRLTN2","4","Sibling (include biologic step and adoptive sibling)"
"RCSRLTN2","5","Other relative"
"RCSRLTN2","6","Not related in any way"
"RCSRLTN2","7","Don’t know/Not sure"
"RCSRLTN2","9","Refused"
"RCSRLTN2",NA,"Not asked or Missing"
"CASTHDX2","1","Yes"
"CASTHDX2","2","No—Go to next module"
"CASTHDX2","7","Don’t know/Not Sure—Go to next module"
"CASTHDX2","9","Refused—Go to next module"
"CASTHDX2",NA,"Not asked or Missing"
"CASTHNO2","1","Yes"
"CASTHNO2","2","No"
"CASTHNO2","7","Don’t know/Not Sure"
"CASTHNO2","9","Refused"
"CASTHNO2",NA,"Not asked or Missing"
"BIRTHSEX","1","Male"
"BIRTHSEX","2","Female"
"BIRTHSEX","7","Don’t know/Not Sure"
"BIRTHSEX","9","Refused"
"BIRTHSEX",NA,"Not asked or Missing"
"SOMALE","1","Gay"
"SOMALE","2","Straight that is not gay"
"SOMALE","3","Bisexual"
"SOMALE","4","Something else"
"SOMALE","7","I don´t know the answer"
"SOMALE","9","Refused"
"SOMALE",NA,"Not asked or Missing"
"SOFEMALE","1","Lesbian or Gay"
"SOFEMALE","2","Straight that is not gay"
"SOFEMALE","3","Bisexual"
"SOFEMALE","4","Something else"
"SOFEMALE","7","I don´t know the answer"
"SOFEMALE","9","Refused"
"SOFEMALE",NA,"Not asked or Missing"
"TRNSGNDR","1","Yes Transgender male-to-female"
"TRNSGNDR","2","Yes Transgender female to male"
"TRNSGNDR","3","Yes Transgender gender nonconforming"
"TRNSGNDR","4","No"
"TRNSGNDR","7","Don’t know/Not Sure"
"TRNSGNDR","9","Refused"
"TRNSGNDR",NA,"Not asked or Missing"
"HADSEX","1","Yes"
"HADSEX","2","No—Go to next module"
"HADSEX","7","Don’t know/Not Sure—Go to next module"
"HADSEX","9","Refused—Go to next module"
"HADSEX",NA,"Not asked or Missing"
"PFPPRVN4","1","Yes"
"PFPPRVN4","2","No—Go to Module 27.06 NOBCUSE8"
"PFPPRVN4","7","Don’t know/Not Sure—Go to Module 27.07 BCPREFER"
"PFPPRVN4","9","Refused—Go to Module 27.07 BCPREFER"
"PFPPRVN4",NA,"Not asked or Missing"
"TYPCNTR9","1","Female sterilization (Tubal ligation Essure or Adiana)"
"TYPCNTR9","2","Male sterilization (vasectomy)"
"TYPCNTR9","3","Contraceptive implant"
"TYPCNTR9","4","Intrauterine device or IUD (Mirena Levonorgestrel ParaGard)"
"TYPCNTR9","5","Shots (Depo-Provera)"
"TYPCNTR9","6","Birth control pills Contraceptive Ring (NuvaRing) Contraceptive patch (Ortho Evra)"
"TYPCNTR9","7","Condoms (male or female)"
"TYPCNTR9","8","Diaphragm cervical cap sponge foam jelly film or cream"
"TYPCNTR9","9","Had sex at a time when less likely to get pregnant (rhythm or natural family planning)"
"TYPCNTR9","10","Withdrawal or pulling out"
"TYPCNTR9","11","Emergency contraception or the morning after pill (Plan B or ella)"
"TYPCNTR9","12","Other method"
"TYPCNTR9","77","Don’t know/Not sure"
"TYPCNTR9","99","Refused"
"TYPCNTR9",NA,"Not asked or Missing"
"BRTHCNT4","0","Nothing else"
"BRTHCNT4","1","Female sterilization (Tubal ligation Essure or Adiana)"
"BRTHCNT4","2","Male sterilization (vasectomy)"
"BRTHCNT4","3","Contraceptive implant"
"BRTHCNT4","4","Intrauterine device or IUD (Mirena Levonorgestrel ParaGard)"
"BRTHCNT4","5","Shots (Depo-Provera)"
"BRTHCNT4","6","Birth control pills Contraceptive Ring (NuvaRing) Contraceptive patch (Ortho Evra)"
"BRTHCNT4","7","Condoms (male or female)"
"BRTHCNT4","8","Diaphragm cervical cap sponge foam jelly film or cream"
"BRTHCNT4","9","Had sex at a time when less likely to get pregnant (rhythm or natural family planning)"
"BRTHCNT4","10","Withdrawal or pulling out"
"BRTHCNT4","11","Emergency contraception or the morning after pill (Plan B or ella)"
"BRTHCNT4","12","Other method"
"BRTHCNT4","77","Don’t know/Not sure"
"BRTHCNT4","99","Refused"
"BRTHCNT4",NA,"Not asked or Missing"
"WHEREGET","1","Private doctor´s office—Go to Module 27.07 BCPREFER"
"WHEREGET","2","Community health clinic Community clinic Public health clinic—Go to Module 27.07 BCPREFER"
"WHEREGET","3","Family planning or Planned Parenthood Clinic—Go to Module 27.07 BCPREFER"
"WHEREGET","4","School or school-based clinic—Go to Module 27.07 BCPREFER"
"WHEREGET","5","Hospital outpatient clinic emergency room regular hospital room—Go to Module 27.07 BCPREFER"
"WHEREGET","6","Urgent care center urgi-care or walk-in facility—Go to Module 27.07 BCPREFER"
"WHEREGET","7","In- store health clinic (like CVS Target or Walmart)—Go to Module 27.07 BCPREFER"
"WHEREGET","8","Health care visit with a pharmacist—Go to Module 27.07 BCPREFER"
"WHEREGET","9","Website or app—Go to Module 27.07 BCPREFER"
"WHEREGET","10","Some other place—Go to Module 27.07 BCPREFER"
"WHEREGET","77","Don’t know/Not sure—Go to Module 27.07 BCPREFER"
"WHEREGET","99","Refused—Go to Module 27.07 BCPREFER"
"WHEREGET",NA,"Not asked or Missing"
"NOBCUSE8","1","You didn´t think you were going to have sex/no regular partner"
"NOBCUSE8","2","You just didn´t think about it"
"NOBCUSE8","3","You wanted a pregnancy"
"NOBCUSE8","4","You didn´t care if you got pregnant"
"NOBCUSE8","5","You or your partner didn´t want to use birth control (side effects don´t like birth control)"
"NOBCUSE8","6","You had trouble getting or paying for birth control"
"NOBCUSE8","7","You didn´t trust giving out your personal information to medical personnel"
"NOBCUSE8","8","Didn´t think you or your partner could get pregnant (infertile or too old)"
"NOBCUSE8","9","You were using withdrawal or ""pulling out"""
"NOBCUSE8","10","You had your tubes tied (sterilization)"
"NOBCUSE8","11","Your partner had a vasectomy (sterilization)"
"NOBCUSE8","12","You were breast-feeding or you just had a baby"
"NOBCUSE8","13","You were assigned male at birth"
"NOBCUSE8","14","Other reasons"
"NOBCUSE8","77","Don’t know/Not sure"
"NOBCUSE8","99","Refused"
"NOBCUSE8",NA,"Not asked or Missing"
"BCPREFER","1","Female sterilization (Tubal ligation Essure or Adiana)"
"BCPREFER","2","Male sterilization (vasectomy)"
"BCPREFER","3","Contraceptive implant"
"BCPREFER","4","Intrauterine device or IUD (Mirena Levonorgestrel ParaGard)"
"BCPREFER","5","Shots (Depo-Provera)"
"BCPREFER","6","Birth control pills Contraceptive Ring (NuvaRing) Contraceptive patch (Ortho Evra)"
"BCPREFER","7","Condoms (male or female)"
"BCPREFER","8","Diaphragm cervical cap sponge foam jelly film or cream"
"BCPREFER","9","Having sex at a time when less likely to get pregnant (rhythm or natural family planning)"
"BCPREFER","10","Withdrawal or pulling out"
"BCPREFER","11","Emergency contraception or the morning after pill (Plan B or ella)"
"BCPREFER","12","Other method"
"BCPREFER","13","I am using the method that I want to use"
"BCPREFER","14","I don´t want to use any method"
"BCPREFER","77","Don’t know/Not sure"
"BCPREFER","99","Refused"
"BCPREFER",NA,"Not asked or Missing"
"RRCLASS3","1","White"
"RRCLASS3","2","Black or African American"
"RRCLASS3","3","Hispanic or Latino"
"RRCLASS3","4","Asian"
"RRCLASS3","5","Native Hawaiian or Other Pacific Islander"
"RRCLASS3","6","American Indian or Alaska Native"
"RRCLASS3","7","Mixed Race"
"RRCLASS3","8","Some other group"
"RRCLASS3","77","Don’t know/Not sure"
"RRCLASS3","99","Refused"
"RRCLASS3",NA,"Not asked or Missing"
"RRCOGNT2","1","Never"
"RRCOGNT2","2","Once a year"
"RRCOGNT2","3","Once a month"
"RRCOGNT2","4","Once a week"
"RRCOGNT2","5","Once a day"
"RRCOGNT2","6","Once an hour"
"RRCOGNT2","7","Don’t know/Not sure"
"RRCOGNT2","8","Constantly"
"RRCOGNT2","9","Refused"
"RRCOGNT2",NA,"Not asked or Missing"
"RRTREAT","1","Worse than other races"
"RRTREAT","2","The same as other races"
"RRTREAT","3","Better than other races"
"RRTREAT","4","Worse than some races better than others"
"RRTREAT","5","Only encountered people of the same race"
"RRTREAT","7","Don’t know/Not Sure"
"RRTREAT","9","Refused"
"RRTREAT",NA,"Not asked or Missing"
"RRATWRK2","1","Worse than other races"
"RRATWRK2","2","The same as other races"
"RRATWRK2","3","Better than other races"
"RRATWRK2","4","Worse than some races better than others"
"RRATWRK2","5","Only encountered people of the same race"
"RRATWRK2","7","Don’t know/Not sure"
"RRATWRK2","9","Refused"
"RRATWRK2",NA,"Not asked or Missing"
"RRHCARE4","1","Worse than other races"
"RRHCARE4","2","The same as other races"
"RRHCARE4","3","Better than other races"
"RRHCARE4","4","Worse than some races better than others"
"RRHCARE4","5","Only encountered people of the same race"
"RRHCARE4","6","-"
"RRHCARE4","7","Don’t know/Not sure"
"RRHCARE4","9","Refused"
"RRHCARE4",NA,"Not asked or Missing"
"RRPHYSM2","1","Yes"
"RRPHYSM2","2","No"
"RRPHYSM2","7","Don’t know/Not Sure"
"RRPHYSM2","9","Refused"
"RRPHYSM2",NA,"Not asked or Missing"
"QSTVER","10","Landline single questionnaire"
"QSTVER","11","Landline multiple questionnaire version 1"
"QSTVER","12","Landline multiple questionnaire version 2"
"QSTVER","13","Landline multiple questionnaire version 3"
"QSTVER","20","Cell Phone single questionnaire"
"QSTVER","21","Cell Phone multiple questionnaire version 1"
"QSTVER","22","Cell Phone multiple questionnaire version 2"
"QSTVER","23","Cell Phone multiple questionnaire version 3"
"QSTLANG","1","English"
"QSTLANG","2","Spanish"
"X_METSTAT","1","Metropolitan counties (_URBNRRL = 1234)"
"X_METSTAT","2","Nonmetropolitan counties (_URBNRRL = 56)"
"X_METSTAT",NA,"Not defined or Missing"
"X_URBSTAT","1","Urban counties (_URBNRRL = 12345)"
"X_URBSTAT","2","Rural counties (_URBNRRL = 6)"
"X_URBSTAT",NA,"Not defined or Missing"
"MSCODE","1","In the center city of an MSA"
"MSCODE","2","Outside the center city of an MSA but inside the county containing the center city"
"MSCODE","3","Inside a suburban county of the MSA"
"MSCODE","5","Not in an MSA"
"MSCODE",NA,"GU PR VI or cell phone"
"X_STSTR","HIDDEN","Data not displayed"
"X_STRWT","HIDDEN","Data not displayed"
"X_RAWRAKE","HIDDEN","Data not displayed"
"X_WT2RAKE","HIDDEN","Data not displayed"
"X_IMPRACE","1","White Non-Hispanic"
"X_IMPRACE","2","Black Non-Hispanic"
"X_IMPRACE","3","Asian Non-Hispanic"
"X_IMPRACE","4","American Indian/Alaskan Native Non-Hispanic"
"X_IMPRACE","5","Hispanic"
"X_IMPRACE","6","Other race Non-Hispanic"
"X_CHISPNC","1","Child of Hispanic Latino/a or Spanish origin"
"X_CHISPNC","2","Child not of Hispanic Latino/a or Spanish origin"
"X_CHISPNC","9","Don’t know/Not Sure/Refused/Missing"
"X_CHISPNC",NA,"Not asked or Missing"
"X_CRACE2","1","White only"
"X_CRACE2","2","Black or African American only"
"X_CRACE2","3","American Indian or Alaskan Native only"
"X_CRACE2","4","Asian Only"
"X_CRACE2","5","Native Hawaiian or other Pacific Islander only"
"X_CRACE2","6","Multiracial"
"X_CRACE2","88","No race choice given"
"X_CRACE2","77","Don’t know/Not sure"
"X_CRACE2","99","Refused"
"X_CRACE2",NA,"Missing"
"X_CPRACE2","1","White"
"X_CPRACE2","2","Black or African American"
"X_CPRACE2","3","American Indian or Alaskan Native"
"X_CPRACE2","4","Asian"
"X_CPRACE2","5","Native Hawaiian or other Pacific Islander"
"X_CPRACE2","6","Multiracial but preferred race not answered"
"X_CPRACE2","7","Multiracial but no preferred race"
"X_CPRACE2","77","Don’t know/Not sure"
"X_CPRACE2","99","Refused"
"X_CPRACE2",NA,"Missing"
"CAGEG","1","0 months to < 5 years of age"
"CAGEG","2","5 to < 10 years of age"
"CAGEG","3","10 to < 15 years of age"
"CAGEG","4","15 to < 18 years of age"
"CAGEG",NA,"Not asked or Missing"
"X_CLLCPWT","HIDDEN","Data not displayed"
"X_DUALUSE","1","Landline frame with a cell phone"
"X_DUALUSE","2","Cell phone frame with a landline"
"X_DUALUSE","9","No Dual Phone Use"
"X_DUALCOR","HIDDEN","Data not displayed"
"X_LLCPWT2","HIDDEN","Data not displayed"
"X_LLCPWT","HIDDEN","Data not displayed"
"X_RFHLTH","1","Good or Better Health"
"X_RFHLTH","2","Fair or Poor Health"
"X_RFHLTH","9","Don’t know/Not Sure Or Refused/Missing"
"X_PHYS14D","1","Zero days when physical health not good"
"X_PHYS14D","2","1-13 days when physical health not good"
"X_PHYS14D","3","14+ days when physical health not good"
"X_PHYS14D","9","Don’t know/Refused/Missing"
"X_MENT14D","1","Zero days when mental health not good"
"X_MENT14D","2","1-13 days when mental health not good"
"X_MENT14D","3","14+ days when mental health not good"
"X_MENT14D","9","Don’t know/Refused/Missing"
"X_HLTHPLN","1","Have some form of insurance"
"X_HLTHPLN","2","Do not have some form of health insurance"
"X_HLTHPLN","9","Don´t know refused or missing insurance response"
"X_HCVU652","1","Have some form of health insurance"
"X_HCVU652","2","Do not have any form of health insurance"
"X_HCVU652","9","Don’t know/Not Sure Refused or Missing"
"X_TOTINDA","1","Had physical activity or exercise"
"X_TOTINDA","2","No physical activity or exercise in last 30 days"
"X_TOTINDA","9","Don’t know/Refused/Missing"
"X_EXTETH3","1","Not at risk"
"X_EXTETH3","2","At risk"
"X_EXTETH3","9","Don’t know/Not Sure Or Refused/Missing"
"X_ALTETH3","1","No"
"X_ALTETH3","2","Yes"
"X_ALTETH3","9","Don’t know/Not Sure Or Refused/Missing"
"X_ALTETH3",NA,"Missing or Age < 65"
"X_DENVST3","1","Yes"
"X_DENVST3","2","No"
"X_DENVST3","9","Don’t know/Not Sure Or Refused/Missing"
"X_DENVST3",NA,"Missing"
"X_MICHD","1","Reported having MI or CHD"
"X_MICHD","2","Did not report having MI or CHD"
"X_MICHD",NA,"Not asked or Missing"
"X_LTASTH1","1","No"
"X_LTASTH1","2","Yes"
"X_LTASTH1","9","Don’t know/Not Sure Or Refused/Missing"
"X_CASTHM1","1","No"
"X_CASTHM1","2","Yes"
"X_CASTHM1","9","Don’t know/Not Sure Or Refused/Missing"
"X_ASTHMS1","1","Current"
"X_ASTHMS1","2","Former"
"X_ASTHMS1","3","Never"
"X_ASTHMS1","9","Don’t know/Not Sure Or Refused/Missing"
"X_DRDXAR2","1","Diagnosed with arthritis"
"X_DRDXAR2","2","Not diagnosed with arthritis"
"X_DRDXAR2",NA,"Don´t know/Not Sure/Refused/Missing"
"X_PRACE2","1","White"
"X_PRACE2","2","Black or African American"
"X_PRACE2","3","American Indian or Alaskan Native"
"X_PRACE2","4","Asian"
"X_PRACE2","5","Native Hawaiian or other Pacific Islander"
"X_PRACE2","7","Multiracial but no preferred race"
"X_PRACE2","88","No race choice given"
"X_PRACE2","77","Don’t know/Not sure"
"X_PRACE2","99","Refused"
"X_PRACE2",NA,"Missing"
"X_MRACE2","1","White only"
"X_MRACE2","2","Black or African American only"
"X_MRACE2","3","American Indian or Alaskan Native only"
"X_MRACE2","4","Asian Only"
"X_MRACE2","5","Native Hawaiian or other Pacific Islander only"
"X_MRACE2","6","Multiracial"
"X_MRACE2","88","No race choice given"
"X_MRACE2","77","Don’t know/Not sure"
"X_MRACE2","99","Refused"
"X_MRACE2",NA,"Missing"
"X_HISPANC","1","Hispanic Latino/a or Spanish origin"
"X_HISPANC","2","Not of Hispanic Latino/a or Spanish origin"
"X_HISPANC","9","Don´t Know Refused or Missing"
"X_RACE1","1","White only non-Hispanic"
"X_RACE1","2","Black only non-Hispanic"
"X_RACE1","3","American Indian or Alaskan Native only Non-Hispanic"
"X_RACE1","4","Asian only non-Hispanic"
"X_RACE1","5","Native Hawaiian or other Pacific Islander only Non-Hispanic"
"X_RACE1","7","Multiracial non-Hispanic"
"X_RACE1","8","Hispanic"
"X_RACE1","9","Don’t know/Not sure/Refused"
"X_RACE1",NA,"Missing"
"X_RACEG22","1","Non-Hispanic White"
"X_RACEG22","2","Non-White or Hispanic"
"X_RACEG22","9","Don’t know/Not sure/Refused"
"X_RACEG22",NA,"Missing"
"X_RACEGR4","1","White only Non-Hispanic"
"X_RACEGR4","2","Black only Non-Hispanic"
"X_RACEGR4","3","Other race only Non-Hispanic"
"X_RACEGR4","4","Multiracial Non-Hispanic"
"X_RACEGR4","5","Hispanic"
"X_RACEGR4","9","Don’t know/Not sure/Refused"
"X_RACEGR4",NA,"Missing"
"X_RACEPR1","1","White only non-Hispanic"
"X_RACEPR1","2","Black only non-Hispanic"
"X_RACEPR1","3","American Indian or Alaskan Native only Non-Hispanic"
"X_RACEPR1","4","Asian only non-Hispanic"
"X_RACEPR1","5","Native Hawaiian or other Pacific Islander only Non-Hispanic"
"X_RACEPR1","6","Multiracial non-Hispanic"
"X_RACEPR1","7","Hispanic"
"X_SEX","1","Male"
"X_SEX","2","Female"
"X_AGEG5YR","1","Age 18 to 24"
"X_AGEG5YR","2","Age 25 to 29"
"X_AGEG5YR","3","Age 30 to 34"
"X_AGEG5YR","4","Age 35 to 39"
"X_AGEG5YR","5","Age 40 to 44"
"X_AGEG5YR","6","Age 45 to 49"
"X_AGEG5YR","7","Age 50 to 54"
"X_AGEG5YR","8","Age 55 to 59"
"X_AGEG5YR","9","Age 60 to 64"
"X_AGEG5YR","10","Age 65 to 69"
"X_AGEG5YR","11","Age 70 to 74"
"X_AGEG5YR","12","Age 75 to 79"
"X_AGEG5YR","13","Age 80 or older"
"X_AGEG5YR","14","Don’t know/Refused/Missing"
"X_AGE65YR","1","Age 18 to 64"
"X_AGE65YR","2","Age 65 or older"
"X_AGE65YR","3","Don’t know/Refused/Missing"
"X_AGE_G","1","Age 18 to 24"
"X_AGE_G","2","Age 25 to 34"
"X_AGE_G","3","Age 35 to 44"
"X_AGE_G","4","Age 45 to 54"
"X_AGE_G","5","Age 55 to 64"
"X_AGE_G","6","Age 65 or older"
"HTIN4",NA,"Don’t know/Refused/Not asked or Missing"
"HTM4",NA,"Don’t know/Refused/Not asked or Missing"
"WTKG3",NA,"Don’t know/Refused/Not asked or Missing"
"X_BMI5",NA,"Don’t know/Refused/Missing"
"X_BMI5CAT","1","Underweight"
"X_BMI5CAT","2","Normal Weight"
"X_BMI5CAT","3","Overweight"
"X_BMI5CAT","4","Obese"
"X_BMI5CAT",NA,"Don’t know/Refused/Missing"
"X_RFBMI5","1","No"
"X_RFBMI5","2","Yes"
"X_RFBMI5","9","Don’t know/Refused/Missing"
"X_CHLDCNT","1","No children in household"
"X_CHLDCNT","2","One child in household"
"X_CHLDCNT","3","Two children in household"
"X_CHLDCNT","4","Three children in household"
"X_CHLDCNT","5","Four children in household"
"X_CHLDCNT","6","Five or more children in household"
"X_CHLDCNT","9","Don’t know/Not sure/Missing"
"X_CHLDCNT",NA,"-"
"X_EDUCAG","1","Did not graduate High School"
"X_EDUCAG","2","Graduated High School"
"X_EDUCAG","3","Attended College or Technical School"
"X_EDUCAG","4","Graduated from College or Technical School"
"X_EDUCAG","9","Don’t know/Not sure/Missing"
"X_INCOMG1","1","Less than $15000"
"X_INCOMG1","2","$15000 to < $25000"
"X_INCOMG1","3","$25000 to < $35000"
"X_INCOMG1","4","$35000 to < $50000"
"X_INCOMG1","5","$50000 to < $100000"
"X_INCOMG1","6","$100000 to < $200000"
"X_INCOMG1","7","$200000 or more"
"X_INCOMG1","9","Don’t know/Not sure/Missing"
"X_RFMAM22","1","Yes"
"X_RFMAM22","2","No"
"X_RFMAM22","9","Don’t know/Not Sure/Refused"
"X_RFMAM22",NA,"Missing or Age < 40 or Male"
"X_MAM5023","1","Received a mammogram within the past 2 years."
"X_MAM5023","2","Did not receive a mammogram within the past 2 years."
"X_MAM5023",NA,"Missing Age < 50 or > 74 or Male"
"X_HADCOLN","1","Have had a colonoscopy"
"X_HADCOLN","2","Have not had a colonoscopy"
"X_HADCOLN",NA,"Don’t know/Refused/Missing"
"X_CLNSCP1","1","Had a colonoscopy in the past ten years"
"X_CLNSCP1","2","Had a colonoscopy ten or more years ago"
"X_CLNSCP1","3","Have never had a colonoscopy"
"X_CLNSCP1",NA,"Missing Age < 45 Age > 75"
"X_HADSIGM","1","Have had a sigmoidoscopy"
"X_HADSIGM","2","Have not had a sigmoidoscopy"
"X_HADSIGM",NA,"Don’t know/Refused/Missing"
"X_SGMSCP1","1","Have had a sigmoidoscopy in the past 5 years"
"X_SGMSCP1","2","Have had a sigmoidoscopy 5 or more years ago"
"X_SGMSCP1","3","Have never had a sigmoidoscopy"
"X_SGMSCP1",NA,"Missing Age < 45 Age > 75"
"X_SGMS101","1","Have had a sigmoidoscopy in the past 10 years"
"X_SGMS101","2","Have had a sigmoidoscopy 10 or more years ago"
"X_SGMS101","3","Have never had a sigmoidoscopy"
"X_SGMS101",NA,"Missing Age < 45 Age > 75"
"X_RFBLDS5","1","Had a blood stool test in the past year"
"X_RFBLDS5","2","Have had a blood stool test one or more years ago"
"X_RFBLDS5","3","Have never had a blood stool test"
"X_RFBLDS5",NA,"Missing Age < 45 Age > 75"
"X_STOLDN1","1","Had a stool DNA test in the past 3 years"
"X_STOLDN1","2","Have had a stool DNA test 3 or more years ago"
"X_STOLDN1","3","Have never had a stool DNA test"
"X_STOLDN1",NA,"Missing Age < 45 Age > 75"
"X_VIRCOL1","1","Had a virtual colonoscopy in the past 5 years"
"X_VIRCOL1","2","Have not had a virtual colonoscopy in the past 5 or more years"
"X_VIRCOL1","3","Have never had a virtual colonoscopy"
"X_VIRCOL1",NA,"Missing Age < 45 Age > 75"
"X_SBONTI1","1","Both on time"
"X_SBONTI1","2","At least one not on time"
"X_SBONTI1","3","Never had either"
"X_SBONTI1",NA,"Missing Age < 45 Age > 75"
"X_CRCREC2","1","Had at least one of the recommended CRC tests within the recommended time interval"
"X_CRCREC2","2","Did not have any of the recommended CRC tests within the recommended time interval"
"X_CRCREC2","3","Have never had any of the recommended CRC tests"
"X_CRCREC2",NA,"Missing Age < 45 Age > 75"
"X_SMOKER3","1","Current smoker - now smokes every day"
"X_SMOKER3","2","Current smoker - now smokes some days"
"X_SMOKER3","3","Former smoker"
"X_SMOKER3","4","Never smoked"
"X_SMOKER3","9","Don’t know/Refused/Missing"
"X_RFSMOK3","1","No"
"X_RFSMOK3","2","Yes"
"X_RFSMOK3","9","Don’t know/Refused/Missing"
"X_CURECI2","1","Not currently using E-cigarettes"
"X_CURECI2","2","Current E-cigarette user"
"X_CURECI2","9","Don’t know/Refused/Missing"
"X_YRSSMOK",NA,"Don’t know/Refused/Missing"
"X_PACKDAY",NA,"Don’t know/Refused/Missing"
"X_PACKYRS",NA,"Don’t know/Refused/Missing"
"X_YRSQUIT",NA,"Don’t know/Refused/Missing"
"X_SMOKGRP","1","Current smoker 20+ Pack Years"
"X_SMOKGRP","2","Former smoker 20+ Pack Years quit < 15 years"
"X_SMOKGRP","3","All other current and former smokers"
"X_SMOKGRP","4","Never smoker"
"X_SMOKGRP",NA,"Don’t know/Refused/Missing"
"X_LCSREC","1","Meet USPSTF recommendation: did have CAT/CT chest scan in last year"
"X_LCSREC","2","Does not meet USPSTF recommendation: did not have CAT/CT chest scan in last year"
"X_LCSREC",NA,"Don’t know/Refused/Missing"
"DRNKANY6","1","Yes"
"DRNKANY6","2","No"
"DRNKANY6","7","Don’t know/Not Sure"
"DRNKANY6","9","Refused/Missing"
"DROCDY4_","0","No Drink-Occasions per day"
"DROCDY4_","900","Don’t know/Not Sure Or Refused/Missing"
"DROCDY4_",NA,"-"
"X_RFBING6","1","No"
"X_RFBING6","2","Yes"
"X_RFBING6","9","Don’t know/Refused/Missing"
"X_DRNKWK2","0","Did not drink"
"X_DRNKWK2","99900","Don’t know/Not sure/Refused/Missing"
"X_RFDRHV8","1","No"
"X_RFDRHV8","2","Yes"
"X_RFDRHV8","9","Don’t know/Refused/Missing"
"X_FLSHOT7","1","Yes"
"X_FLSHOT7","2","No"
"X_FLSHOT7","9","Don’t know/Not Sure Or Refused/Missing"
"X_FLSHOT7",NA,"Age < 65"
"X_PNEUMO3","1","Yes"
"X_PNEUMO3","2","No"
"X_PNEUMO3","9","Don’t know/Not Sure Or Refused/Missing"
"X_PNEUMO3",NA,"Age < 65"
"X_AIDTST4","1","Yes"
"X_AIDTST4","2","No"
"X_AIDTST4","9","Don’t know/Not Sure/Refused"
"X_AIDTST4",NA,"Not asked or missing"
